timestamp,event,details
09:19:16,baselineboard.node.add.instance,"{'instanceId': 'instance-a1b2903c-9bb5-45cb-b481-a4da93aa7c6c', 'instanceLabel': 'old man with white hair wearing a black beret wearing a grey cardigan with two black buttons, wearing dark blue pants wearing black shoes, looking left. A bit short.  Wearing a white shirt beneath the cardigan', 'createdNodeIds': ['instance-a1b2903c-9bb5-45cb-b481-a4da93aa7c6c', 'instance-a1b2903c-9bb5-45cb-b481-a4da93aa7c6c-resizable'], 'session_id': '9f6ed6d6-aca3-4e0a-9f55-fd2d1f73ef64', 'user_id': 'P11'}"
09:19:19,layoutboard.node.resizable.resized,"{'nodeId': 'instance-a1b2903c-9bb5-45cb-b481-a4da93aa7c6c-resizable', 'prevSize': {'width': 50, 'height': 50}, 'newSize': {'width': 51, 'height': 51}, 'delta': {'width': 1, 'height': 1}, 'linkedSizeNodeIds': [], 'session_id': '9f6ed6d6-aca3-4e0a-9f55-fd2d1f73ef64', 'user_id': 'P11'}"
09:19:25,layoutboard.node.resizable.resized,"{'nodeId': 'instance-a1b2903c-9bb5-45cb-b481-a4da93aa7c6c-resizable', 'prevSize': {'width': 50, 'height': 50}, 'newSize': {'width': 51, 'height': 51}, 'delta': {'width': 1, 'height': 1}, 'linkedSizeNodeIds': [], 'session_id': '9f6ed6d6-aca3-4e0a-9f55-fd2d1f73ef64', 'user_id': 'P11'}"
09:19:30,layoutboard.node.resizable.resized,"{'nodeId': 'instance-a1b2903c-9bb5-45cb-b481-a4da93aa7c6c-resizable', 'prevSize': {'width': 50, 'height': 50}, 'newSize': {'width': 51, 'height': 51}, 'delta': {'width': 1, 'height': 1}, 'linkedSizeNodeIds': [], 'session_id': '9f6ed6d6-aca3-4e0a-9f55-fd2d1f73ef64', 'user_id': 'P11'}"
09:19:34,layoutboard.node.resizable.resized,"{'nodeId': 'instance-a1b2903c-9bb5-45cb-b481-a4da93aa7c6c-resizable', 'prevSize': {'width': 50, 'height': 50}, 'newSize': {'width': 51, 'height': 51}, 'delta': {'width': 1, 'height': 1}, 'linkedSizeNodeIds': [], 'session_id': '9f6ed6d6-aca3-4e0a-9f55-fd2d1f73ef64', 'user_id': 'P11'}"
09:19:36,layoutboard.node.resizable.resized,"{'nodeId': 'instance-a1b2903c-9bb5-45cb-b481-a4da93aa7c6c-resizable', 'prevSize': {'width': 50, 'height': 50}, 'newSize': {'width': 54, 'height': 255}, 'delta': {'width': 4, 'height': 205}, 'linkedSizeNodeIds': [], 'session_id': '9f6ed6d6-aca3-4e0a-9f55-fd2d1f73ef64', 'user_id': 'P11'}"
09:19:37,baselineboard.node.moved,"{'nodeId': 'instance-a1b2903c-9bb5-45cb-b481-a4da93aa7c6c-resizable', 'newPos': {'x': 30.838237762451172, 'y': 195.83823776245117}, 'session_id': '9f6ed6d6-aca3-4e0a-9f55-fd2d1f73ef64', 'user_id': 'P11'}"
09:19:38,layoutboard.node.resizable.resized,"{'nodeId': 'instance-a1b2903c-9bb5-45cb-b481-a4da93aa7c6c-resizable', 'prevSize': {'width': 50, 'height': 50}, 'newSize': {'width': 74, 'height': 308}, 'delta': {'width': 24, 'height': 258}, 'linkedSizeNodeIds': [], 'session_id': '9f6ed6d6-aca3-4e0a-9f55-fd2d1f73ef64', 'user_id': 'P11'}"
09:22:10,baselineboard.node.add.instance,"{'instanceId': 'instance-188233a6-5741-4cca-be90-5d45fb2fa805', 'instanceLabel': 'woman with black hair that  comes to her shoulders, smiling, looking slightly left, wearing flower patterned one-piece dress, smiling , holding hands with the man in her left, wearing white sandals', 'createdNodeIds': ['instance-188233a6-5741-4cca-be90-5d45fb2fa805', 'instance-188233a6-5741-4cca-be90-5d45fb2fa805-resizable'], 'session_id': '9f6ed6d6-aca3-4e0a-9f55-fd2d1f73ef64', 'user_id': 'P11'}"
09:23:00,baselineboard.node.edit,"{'nodeId': 'instance-188233a6-5741-4cca-be90-5d45fb2fa805', 'newLabel': 'a slightly brown woman with black hair that  comes to her shoulders, smiling, looking slightly left, wearing flower patterned one-piece dress, smiling , holding hands with the man in her left, wearing white sandals', 'session_id': '9f6ed6d6-aca3-4e0a-9f55-fd2d1f73ef64', 'user_id': 'P11'}"
09:26:06,baselineboard.node.add.instance,"{'instanceId': 'instance-0b3bcfd9-3e68-497d-b59b-8ac52e4381d0', 'instanceLabel': 'a man with dark brown hair wearing a blue t-shirt and beige shorts wearing black sandals holding a large dark plate with lots of water bottles on it in his left hands, and holding a brown basket up to his waist, and the woman in his right is holding his hand with the basket', 'createdNodeIds': ['instance-0b3bcfd9-3e68-497d-b59b-8ac52e4381d0', 'instance-0b3bcfd9-3e68-497d-b59b-8ac52e4381d0-resizable'], 'session_id': '9f6ed6d6-aca3-4e0a-9f55-fd2d1f73ef64', 'user_id': 'P11'}"
09:26:13,layoutboard.node.resizable.resized,"{'nodeId': 'instance-0b3bcfd9-3e68-497d-b59b-8ac52e4381d0-resizable', 'prevSize': {'width': 50, 'height': 50}, 'newSize': {'width': 51, 'height': 51}, 'delta': {'width': 1, 'height': 1}, 'linkedSizeNodeIds': [], 'session_id': '9f6ed6d6-aca3-4e0a-9f55-fd2d1f73ef64', 'user_id': 'P11'}"
09:26:17,layoutboard.node.resizable.resized,"{'nodeId': 'instance-0b3bcfd9-3e68-497d-b59b-8ac52e4381d0-resizable', 'prevSize': {'width': 50, 'height': 50}, 'newSize': {'width': 51, 'height': 51}, 'delta': {'width': 1, 'height': 1}, 'linkedSizeNodeIds': [], 'session_id': '9f6ed6d6-aca3-4e0a-9f55-fd2d1f73ef64', 'user_id': 'P11'}"
09:26:25,layoutboard.node.resizable.resized,"{'nodeId': 'instance-0b3bcfd9-3e68-497d-b59b-8ac52e4381d0-resizable', 'prevSize': {'width': 50, 'height': 50}, 'newSize': {'width': 55, 'height': 50}, 'delta': {'width': 5, 'height': 0}, 'linkedSizeNodeIds': [], 'session_id': '9f6ed6d6-aca3-4e0a-9f55-fd2d1f73ef64', 'user_id': 'P11'}"
09:26:28,layoutboard.node.resizable.resized,"{'nodeId': 'instance-0b3bcfd9-3e68-497d-b59b-8ac52e4381d0-resizable', 'prevSize': {'width': 50, 'height': 50}, 'newSize': {'width': 74, 'height': 60}, 'delta': {'width': 24, 'height': 10}, 'linkedSizeNodeIds': [], 'session_id': '9f6ed6d6-aca3-4e0a-9f55-fd2d1f73ef64', 'user_id': 'P11'}"
09:26:31,baselineboard.node.moved,"{'nodeId': 'instance-0b3bcfd9-3e68-497d-b59b-8ac52e4381d0', 'newPos': {'x': 285.8382377624512, 'y': 202.83823776245117}, 'session_id': '9f6ed6d6-aca3-4e0a-9f55-fd2d1f73ef64', 'user_id': 'P11'}"
09:26:39,layoutboard.node.resizable.resized,"{'nodeId': 'instance-0b3bcfd9-3e68-497d-b59b-8ac52e4381d0-resizable', 'prevSize': {'width': 50, 'height': 50}, 'newSize': {'width': 71, 'height': 58}, 'delta': {'width': 21, 'height': 8}, 'linkedSizeNodeIds': [], 'session_id': '9f6ed6d6-aca3-4e0a-9f55-fd2d1f73ef64', 'user_id': 'P11'}"
09:26:44,layoutboard.node.resizable.resized,"{'nodeId': 'instance-0b3bcfd9-3e68-497d-b59b-8ac52e4381d0-resizable', 'prevSize': {'width': 50, 'height': 50}, 'newSize': {'width': 67, 'height': 273}, 'delta': {'width': 17, 'height': 223}, 'linkedSizeNodeIds': [], 'session_id': '9f6ed6d6-aca3-4e0a-9f55-fd2d1f73ef64', 'user_id': 'P11'}"
09:28:59,baselineboard.node.add.instance,"{'instanceId': 'instance-e3c80c69-3477-467a-8376-5ea025211b02', 'instanceLabel': 'a small yellow brown girl holding a yellow balloon in her left hand and holding a brown teddy bear on her right hand. Wearing a pink sleeveless t-shirt and wearing a white skirt that comes to her knees. Wearing pink sneakers looking slightly to her right', 'createdNodeIds': ['instance-e3c80c69-3477-467a-8376-5ea025211b02', 'instance-e3c80c69-3477-467a-8376-5ea025211b02-resizable'], 'session_id': '9f6ed6d6-aca3-4e0a-9f55-fd2d1f73ef64', 'user_id': 'P11'}"
09:29:00,baselineboard.imagegen.extracted,"{'sentences': ['old man with white hair wearing a black beret wearing a grey cardigan with two black buttons, wearing dark blue pants wearing black shoes, looking left. A bit short.  Wearing a white shirt beneath the cardigan', 'a slightly brown woman with black hair that  comes to her shoulders, smiling, looking slightly left, wearing flower patterned one-piece dress, smiling , holding hands with the man in her left, wearing white sandals', 'a man with dark brown hair wearing a blue t-shirt and beige shorts wearing black sandals holding a large dark plate with lots of water bottles on it in his left hands, and holding a brown basket up to his waist, and the woman in his right is holding his hand with the basket', 'a small yellow brown girl holding a yellow balloon in her left hand and holding a brown teddy bear on her right hand. Wearing a pink sleeveless t-shirt and wearing a white skirt that comes to her knees. Wearing pink sneakers looking slightly to her right'], 'boxes': [[0.0078125, 0.388671875, 0.15234375, 0.990234375], [0.27734375, 0.396484375, 0.376953125, 0.49609375], [0.55859375, 0.40234375, 0.689453125, 0.935546875], [0.837890625, 0.396484375, 0.9375, 0.49609375]], 'session_id': '9f6ed6d6-aca3-4e0a-9f55-fd2d1f73ef64', 'user_id': 'P11'}"
09:29:10,layoutboard.node.resizable.resized,"{'nodeId': 'instance-e3c80c69-3477-467a-8376-5ea025211b02-resizable', 'prevSize': {'width': 50, 'height': 50}, 'newSize': {'width': 27, 'height': 54}, 'delta': {'width': -23, 'height': 4}, 'linkedSizeNodeIds': [], 'session_id': '9f6ed6d6-aca3-4e0a-9f55-fd2d1f73ef64', 'user_id': 'P11'}"
09:29:11,baselineboard.node.moved,"{'nodeId': 'instance-e3c80c69-3477-467a-8376-5ea025211b02', 'newPos': {'x': 392, 'y': 196.83823776245117}, 'session_id': '9f6ed6d6-aca3-4e0a-9f55-fd2d1f73ef64', 'user_id': 'P11'}"
09:29:12,baselineboard.node.moved,"{'nodeId': 'instance-e3c80c69-3477-467a-8376-5ea025211b02', 'newPos': {'x': 392, 'y': 187.83823776245117}, 'session_id': '9f6ed6d6-aca3-4e0a-9f55-fd2d1f73ef64', 'user_id': 'P11'}"
09:29:14,baselineboard.node.moved,"{'nodeId': 'instance-e3c80c69-3477-467a-8376-5ea025211b02', 'newPos': {'x': 392, 'y': 190.83823776245117}, 'session_id': '9f6ed6d6-aca3-4e0a-9f55-fd2d1f73ef64', 'user_id': 'P11'}"
09:29:17,baselineboard.node.moved,"{'nodeId': 'instance-e3c80c69-3477-467a-8376-5ea025211b02', 'newPos': {'x': 392, 'y': 197.83823776245117}, 'session_id': '9f6ed6d6-aca3-4e0a-9f55-fd2d1f73ef64', 'user_id': 'P11'}"
09:29:20,baselineboard.node.moved,"{'nodeId': 'instance-0b3bcfd9-3e68-497d-b59b-8ac52e4381d0', 'newPos': {'x': 270.8382377624512, 'y': 199.83823776245117}, 'session_id': '9f6ed6d6-aca3-4e0a-9f55-fd2d1f73ef64', 'user_id': 'P11'}"
09:29:22,baselineboard.node.moved,"{'nodeId': 'instance-e3c80c69-3477-467a-8376-5ea025211b02', 'newPos': {'x': 389, 'y': 195.83823776245117}, 'session_id': '9f6ed6d6-aca3-4e0a-9f55-fd2d1f73ef64', 'user_id': 'P11'}"
09:29:27,prompt_saved,{'path': 'output/P11/2025-08-23_09-29-27/prompt.json'}
09:29:27,object_detection_integrated,{'objects_count': 12}
09:29:28,baselineboard.imagegen.succeeded,"{'durationMs': 28385, 'image_size': 589926, 'global_caption': 'a scene featuring an old man with white hair wearing a black beret and a grey cardigan with two black buttons, wearing dark blue pants and black shoes, looking left, a bit short, wearing a white shirt beneath the cardigan; a slightly brown woman with black hair that comes to her shoulders, smiling and looking slightly left, wearing a flower-patterned one-piece dress, holding hands with the man to her left, wearing white sandals; a man with dark brown hair wearing a blue t-shirt and beige shorts, wearing black sandals, holding a large dark plate with lots of water bottles on it in his left hand, and holding a brown basket up to his waist, while the woman on his right is holding his hand with the basket; and a small yellow-brown girl holding a yellow balloon in her left hand and a brown teddy bear in her right hand, wearing a pink sleeveless t-shirt and a white skirt that comes to her knees, wearing pink sneakers, looking slightly to her right.', 'refined_caption': ['an old man with white hair wearing a black beret and a grey cardigan with two black buttons, wearing dark blue pants and black shoes, looking left, a bit short, wearing a white shirt beneath the cardigan', 'a slightly brown woman with black hair that comes to her shoulders, smiling and looking slightly left, wearing a flower-patterned one-piece dress, holding hands with the man to her left, wearing white sandals', 'a man with dark brown hair wearing a blue t-shirt and beige shorts, wearing black sandals, holding a large dark plate with lots of water bottles on it in his left hand, and holding a brown basket up to his waist, while the woman on his right is holding his hand with the basket', 'a small yellow-brown girl holding a yellow balloon in her left hand and a brown teddy bear in her right hand, wearing a pink sleeveless t-shirt and a white skirt that comes to her knees, wearing pink sneakers, looking slightly to her right'], 'session_id': '9f6ed6d6-aca3-4e0a-9f55-fd2d1f73ef64', 'user_id': 'P11'}"
09:29:28,api.generate_image.succeeded,"{'global_caption': 'a scene featuring an old man with white hair wearing a black beret and a grey cardigan with two black buttons, wearing dark blue pants and black shoes, looking left, a bit short, wearing a white shirt beneath the cardigan; a slightly brown woman with black hair that comes to her shoulders, smiling and looking slightly left, wearing a flower-patterned one-piece dress, holding hands with the man to her left, wearing white sandals; a man with dark brown hair wearing a blue t-shirt and beige shorts, wearing black sandals, holding a large dark plate with lots of water bottles on it in his left hand, and holding a brown basket up to his waist, while the woman on his right is holding his hand with the basket; and a small yellow-brown girl holding a yellow balloon in her left hand and a brown teddy bear in her right hand, wearing a pink sleeveless t-shirt and a white skirt that comes to her knees, wearing pink sneakers, looking slightly to her right.', 'region_count': 4, 'has_image': True, 'detected_objects_count': 12, 'image_path': 'output/P11/2025-08-23_09-29-27/image.png', 'image_with_layout_path': 'output/P11/2025-08-23_09-29-27/image_with_layout.png', 'timestamp_dir': 'output/P11/2025-08-23_09-29-27', 'session_id': '9f6ed6d6-aca3-4e0a-9f55-fd2d1f73ef64', 'user_id': 'P11'}"
09:29:28,layoutboard.node.resizable.resized,"{'nodeId': 'instance-e3c80c69-3477-467a-8376-5ea025211b02-resizable', 'prevSize': {'width': 50, 'height': 50}, 'newSize': {'width': 21, 'height': 238}, 'delta': {'width': -29, 'height': 188}, 'linkedSizeNodeIds': [], 'session_id': '9f6ed6d6-aca3-4e0a-9f55-fd2d1f73ef64', 'user_id': 'P11'}"
09:30:19,baselineboard.node.moved,"{'nodeId': 'instance-188233a6-5741-4cca-be90-5d45fb2fa805', 'newPos': {'x': 133.83823776245117, 'y': 211.83823776245117}, 'session_id': '9f6ed6d6-aca3-4e0a-9f55-fd2d1f73ef64', 'user_id': 'P11'}"
09:30:25,layoutboard.node.resizable.resized,"{'nodeId': 'instance-188233a6-5741-4cca-be90-5d45fb2fa805-resizable', 'prevSize': {'width': 50, 'height': 50}, 'newSize': {'width': 44, 'height': 284}, 'delta': {'width': -6, 'height': 234}, 'linkedSizeNodeIds': [], 'session_id': '9f6ed6d6-aca3-4e0a-9f55-fd2d1f73ef64', 'user_id': 'P11'}"
09:30:34,layoutboard.node.resizable.resized,"{'nodeId': 'instance-188233a6-5741-4cca-be90-5d45fb2fa805-resizable', 'prevSize': {'width': 50, 'height': 50}, 'newSize': {'width': 77, 'height': 287}, 'delta': {'width': 27, 'height': 237}, 'linkedSizeNodeIds': [], 'session_id': '9f6ed6d6-aca3-4e0a-9f55-fd2d1f73ef64', 'user_id': 'P11'}"
09:31:48,baselineboard.node.edit,"{'nodeId': 'instance-188233a6-5741-4cca-be90-5d45fb2fa805', 'newLabel': 'a slightly brown woman with black hair that  comes to her shoulders, smiling, looking slightly left, wearing flower patterned one-piece dress, smiling , holding hands with the man in her left who is holding the basket, wearing white sandals', 'session_id': '9f6ed6d6-aca3-4e0a-9f55-fd2d1f73ef64', 'user_id': 'P11'}"
09:31:52,baselineboard.node.moved,"{'nodeId': 'instance-0b3bcfd9-3e68-497d-b59b-8ac52e4381d0', 'newPos': {'x': 268.8382377624512, 'y': 181.83823776245117}, 'session_id': '9f6ed6d6-aca3-4e0a-9f55-fd2d1f73ef64', 'user_id': 'P11'}"
09:32:30,baselineboard.node.edit,"{'nodeId': 'instance-0b3bcfd9-3e68-497d-b59b-8ac52e4381d0', 'newLabel': 'a man with dark brown hair wearing a blue t-shirt and beige shorts wearing black sandals holding a large dark plate with lots of water bottles on it in his left hands, and holding a brown basket up to his waist with htis right hand', 'session_id': '9f6ed6d6-aca3-4e0a-9f55-fd2d1f73ef64', 'user_id': 'P11'}"
09:32:33,baselineboard.imagegen.extracted,"{'sentences': ['old man with white hair wearing a black beret wearing a grey cardigan with two black buttons, wearing dark blue pants wearing black shoes, looking left. A bit short.  Wearing a white shirt beneath the cardigan', 'a slightly brown woman with black hair that  comes to her shoulders, smiling, looking slightly left, wearing flower patterned one-piece dress, smiling , holding hands with the man in her left who is holding the basket, wearing white sandals', 'a man with dark brown hair wearing a blue t-shirt and beige shorts wearing black sandals holding a large dark plate with lots of water bottles on it in his left hands, and holding a brown basket up to his waist with htis right hand', 'a small yellow brown girl holding a yellow balloon in her left hand and holding a brown teddy bear on her right hand. Wearing a pink sleeveless t-shirt and wearing a white skirt that comes to her knees. Wearing pink sneakers looking slightly to her right'], 'boxes': [[0.0078125, 0.388671875, 0.15234375, 0.990234375], [0.26171875, 0.419921875, 0.412109375, 0.98046875], [0.51171875, 0.361328125, 0.642578125, 0.89453125], [0.7581284418702126, 0.388671875, 0.7991440668702126, 0.853515625]], 'session_id': '9f6ed6d6-aca3-4e0a-9f55-fd2d1f73ef64', 'user_id': 'P11'}"
09:33:03,prompt_saved,{'path': 'output/P11/2025-08-23_09-33-03/prompt.json'}
09:33:04,object_detection_integrated,{'objects_count': 5}
09:33:04,baselineboard.imagegen.succeeded,"{'durationMs': 31564, 'image_size': 632594, 'global_caption': 'a scene featuring an old man with white hair wearing a black beret and a grey cardigan with two black buttons, wearing dark blue pants and black shoes, looking left and a bit short, wearing a white shirt beneath the cardigan; a slightly brown woman with black hair that comes to her shoulders, smiling and looking slightly left, wearing a flower-patterned one-piece dress, holding hands with the man to her left who is holding a basket and wearing white sandals; a man with dark brown hair wearing a blue t-shirt and beige shorts, wearing black sandals, holding a large dark plate with lots of water bottles on it in his left hand, and holding a brown basket up to his waist with his right hand; and a small yellow-brown girl holding a yellow balloon in her left hand and a brown teddy bear in her right hand, wearing a pink sleeveless t-shirt and a white skirt that comes to her knees, wearing pink sneakers, looking slightly to her right.', 'refined_caption': ['an old man with white hair wearing a black beret and a grey cardigan with two black buttons, wearing dark blue pants and black shoes, looking left, a bit short, wearing a white shirt beneath the cardigan', 'a slightly brown woman with black hair that comes to her shoulders, smiling and looking slightly left, wearing a flower-patterned one-piece dress, holding hands with the man to her left who is holding a basket, wearing white sandals', 'a man with dark brown hair wearing a blue t-shirt and beige shorts, wearing black sandals, holding a large dark plate with lots of water bottles on it in his left hand, and holding a brown basket up to his waist with his right hand', 'a small yellow-brown girl holding a yellow balloon in her left hand and a brown teddy bear in her right hand, wearing a pink sleeveless t-shirt and a white skirt that comes to her knees, wearing pink sneakers, looking slightly to her right'], 'session_id': '9f6ed6d6-aca3-4e0a-9f55-fd2d1f73ef64', 'user_id': 'P11'}"
09:33:04,api.generate_image.succeeded,"{'global_caption': 'a scene featuring an old man with white hair wearing a black beret and a grey cardigan with two black buttons, wearing dark blue pants and black shoes, looking left and a bit short, wearing a white shirt beneath the cardigan; a slightly brown woman with black hair that comes to her shoulders, smiling and looking slightly left, wearing a flower-patterned one-piece dress, holding hands with the man to her left who is holding a basket and wearing white sandals; a man with dark brown hair wearing a blue t-shirt and beige shorts, wearing black sandals, holding a large dark plate with lots of water bottles on it in his left hand, and holding a brown basket up to his waist with his right hand; and a small yellow-brown girl holding a yellow balloon in her left hand and a brown teddy bear in her right hand, wearing a pink sleeveless t-shirt and a white skirt that comes to her knees, wearing pink sneakers, looking slightly to her right.', 'region_count': 4, 'has_image': True, 'detected_objects_count': 5, 'image_path': 'output/P11/2025-08-23_09-33-03/image.png', 'image_with_layout_path': 'output/P11/2025-08-23_09-33-03/image_with_layout.png', 'timestamp_dir': 'output/P11/2025-08-23_09-33-03', 'session_id': '9f6ed6d6-aca3-4e0a-9f55-fd2d1f73ef64', 'user_id': 'P11'}"
09:34:07,baselineboard.node.edit,"{'nodeId': 'instance-e3c80c69-3477-467a-8376-5ea025211b02', 'newLabel': 'a small yellow brown girl holding a yellow balloon in her left hand and holding a brown teddy bear on her right hand. Wearing a pink sleeveless t-shirt and wearing a white skirt that comes to her knees. Wearing pink sneakers.', 'session_id': '9f6ed6d6-aca3-4e0a-9f55-fd2d1f73ef64', 'user_id': 'P11'}"
09:34:45,baselineboard.node.edit,"{'nodeId': 'instance-0b3bcfd9-3e68-497d-b59b-8ac52e4381d0', 'newLabel': 'a man with dark brown hair wearing a blue t-shirt and beige shorts wearing black sandals holding a large dark plate with lots of water bottles on it in his left hand, and holding a brown basket up to his waist with his right hand', 'session_id': '9f6ed6d6-aca3-4e0a-9f55-fd2d1f73ef64', 'user_id': 'P11'}"
09:35:42,baselineboard.node.edit,"{'nodeId': 'instance-188233a6-5741-4cca-be90-5d45fb2fa805', 'newLabel': 'a slightly brown woman with black hair that  comes to her shoulders, smiling, wearing flower patterned one-piece dress, smiling , laying her left hand on top of the \\ man in her left who is holding the basket, wearing white sandals', 'session_id': '9f6ed6d6-aca3-4e0a-9f55-fd2d1f73ef64', 'user_id': 'P11'}"
09:36:15,baselineboard.node.edit,"{'nodeId': 'instance-188233a6-5741-4cca-be90-5d45fb2fa805', 'newLabel': 'a slightly brown woman with black hair that  comes to her shoulders, smiling, wearing flower patterned one-piece dress, smiling , laying her left hand on top of the right hand of the man in her left who is holding the basket, wearing white sandals', 'session_id': '9f6ed6d6-aca3-4e0a-9f55-fd2d1f73ef64', 'user_id': 'P11'}"
09:36:15,baselineboard.imagegen.extracted,"{'sentences': ['old man with white hair wearing a black beret wearing a grey cardigan with two black buttons, wearing dark blue pants wearing black shoes, looking left. A bit short.  Wearing a white shirt beneath the cardigan', 'a slightly brown woman with black hair that  comes to her shoulders, smiling, wearing flower patterned one-piece dress, smiling , laying her left hand on top of the right hand of the man in her left who is holding the basket, wearing white sandals', 'a man with dark brown hair wearing a blue t-shirt and beige shorts wearing black sandals holding a large dark plate with lots of water bottles on it in his left hand, and holding a brown basket up to his waist with his right hand', 'a small yellow brown girl holding a yellow balloon in her left hand and holding a brown teddy bear on her right hand. Wearing a pink sleeveless t-shirt and wearing a white skirt that comes to her knees. Wearing pink sneakers.'], 'boxes': [[0.0078125, 0.388671875, 0.15234375, 0.990234375], [0.26171875, 0.419921875, 0.412109375, 0.98046875], [0.51171875, 0.361328125, 0.642578125, 0.89453125], [0.7581284418702126, 0.388671875, 0.7991440668702126, 0.853515625]], 'session_id': '9f6ed6d6-aca3-4e0a-9f55-fd2d1f73ef64', 'user_id': 'P11'}"
09:36:41,prompt_saved,{'path': 'output/P11/2025-08-23_09-36-41/prompt.json'}
09:36:42,object_detection_integrated,{'objects_count': 5}
09:36:42,api.generate_image.succeeded,"{'global_caption': 'a scene featuring an old man with white hair wearing a black beret and a grey cardigan with two black buttons, wearing dark blue pants and black shoes, looking left and a bit short, wearing a white shirt beneath the cardigan; a slightly brown woman with black hair that comes to her shoulders, smiling and looking slightly left, wearing a flower-patterned one-piece dress, holding hands with the man to her left who is holding a basket and wearing white sandals; a man with dark brown hair wearing a blue t-shirt and beige shorts, wearing black sandals, holding a large dark plate with lots of water bottles on it in his left hand, and holding a brown basket up to his waist with his right hand; and a small yellow-brown girl holding a yellow balloon in her left hand and a brown teddy bear in her right hand, wearing a pink sleeveless t-shirt and a white skirt that comes to her knees, wearing pink sneakers, looking slightly to her right.', 'region_count': 4, 'has_image': True, 'detected_objects_count': 5, 'image_path': 'output/P11/2025-08-23_09-36-41/image.png', 'image_with_layout_path': 'output/P11/2025-08-23_09-36-41/image_with_layout.png', 'timestamp_dir': 'output/P11/2025-08-23_09-36-41', 'session_id': '9f6ed6d6-aca3-4e0a-9f55-fd2d1f73ef64', 'user_id': 'P11'}"
09:36:42,baselineboard.imagegen.succeeded,"{'durationMs': 27274, 'image_size': 633270, 'global_caption': 'a scene featuring an old man with white hair wearing a black beret and a grey cardigan with two black buttons, wearing dark blue pants and black shoes, looking left and a bit short, wearing a white shirt beneath the cardigan; a slightly brown woman with black hair that comes to her shoulders, smiling and looking slightly left, wearing a flower-patterned one-piece dress, holding hands with the man to her left who is holding a basket and wearing white sandals; a man with dark brown hair wearing a blue t-shirt and beige shorts, wearing black sandals, holding a large dark plate with lots of water bottles on it in his left hand, and holding a brown basket up to his waist with his right hand; and a small yellow-brown girl holding a yellow balloon in her left hand and a brown teddy bear in her right hand, wearing a pink sleeveless t-shirt and a white skirt that comes to her knees, wearing pink sneakers, looking slightly to her right.', 'refined_caption': ['an old man with white hair wearing a black beret and a grey cardigan with two black buttons, wearing dark blue pants and black shoes, looking left and a bit short, wearing a white shirt beneath the cardigan', 'a slightly brown woman with black hair that comes to her shoulders, smiling and looking slightly left, wearing a flower-patterned one-piece dress, holding hands with the man to her left who is holding a basket and wearing white sandals', 'a man with dark brown hair wearing a blue t-shirt and beige shorts, wearing black sandals, holding a large dark plate with lots of water bottles on it in his left hand, and holding a brown basket up to his waist with his right hand', 'a small yellow-brown girl holding a yellow balloon in her left hand and a brown teddy bear in her right hand, wearing a pink sleeveless t-shirt and a white skirt that comes to her knees, wearing pink sneakers, looking slightly to her right'], 'session_id': '9f6ed6d6-aca3-4e0a-9f55-fd2d1f73ef64', 'user_id': 'P11'}"
09:38:17,baselineboard.node.moved,"{'nodeId': 'instance-188233a6-5741-4cca-be90-5d45fb2fa805', 'newPos': {'x': 148.83823776245117, 'y': 158.83823776245117}, 'session_id': '9f6ed6d6-aca3-4e0a-9f55-fd2d1f73ef64', 'user_id': 'P11'}"
09:38:21,layoutboard.node.resizable.resized,"{'nodeId': 'instance-188233a6-5741-4cca-be90-5d45fb2fa805-resizable', 'prevSize': {'width': 50, 'height': 50}, 'newSize': {'width': 76, 'height': 287}, 'delta': {'width': 26, 'height': 237}, 'linkedSizeNodeIds': [], 'session_id': '9f6ed6d6-aca3-4e0a-9f55-fd2d1f73ef64', 'user_id': 'P11'}"
09:38:23,baselineboard.node.moved,"{'nodeId': 'instance-188233a6-5741-4cca-be90-5d45fb2fa805-resizable', 'newPos': {'x': 157.83823776245117, 'y': 180.83823776245117}, 'session_id': '9f6ed6d6-aca3-4e0a-9f55-fd2d1f73ef64', 'user_id': 'P11'}"
09:38:25,baselineboard.node.moved,"{'nodeId': 'instance-a1b2903c-9bb5-45cb-b481-a4da93aa7c6c', 'newPos': {'x': 38.83823776245117, 'y': 162.83823776245117}, 'session_id': '9f6ed6d6-aca3-4e0a-9f55-fd2d1f73ef64', 'user_id': 'P11'}"
09:38:27,layoutboard.node.resizable.resized,"{'nodeId': 'instance-a1b2903c-9bb5-45cb-b481-a4da93aa7c6c-resizable', 'prevSize': {'width': 50, 'height': 50}, 'newSize': {'width': 74, 'height': 308}, 'delta': {'width': 24, 'height': 258}, 'linkedSizeNodeIds': [], 'session_id': '9f6ed6d6-aca3-4e0a-9f55-fd2d1f73ef64', 'user_id': 'P11'}"
09:38:35,baselineboard.node.moved,"{'nodeId': 'instance-a1b2903c-9bb5-45cb-b481-a4da93aa7c6c-resizable', 'newPos': {'x': 36.83823776245117, 'y': 162.83823776245117}, 'session_id': '9f6ed6d6-aca3-4e0a-9f55-fd2d1f73ef64', 'user_id': 'P11'}"
09:38:36,baselineboard.node.moved,"{'nodeId': 'instance-188233a6-5741-4cca-be90-5d45fb2fa805', 'newPos': {'x': 158.83823776245117, 'y': 174.83823776245117}, 'session_id': '9f6ed6d6-aca3-4e0a-9f55-fd2d1f73ef64', 'user_id': 'P11'}"
09:40:56,baselineboard.node.edit,"{'nodeId': 'instance-188233a6-5741-4cca-be90-5d45fb2fa805', 'newLabel': 'a slightly brown woman with black hair that  comes to her shoulders, smiling, wearing flower patterned one-piece dress, wearing white sandals,smiling , laying her left hand on top of the right hand of the man in her left who is holding the basket', 'session_id': '9f6ed6d6-aca3-4e0a-9f55-fd2d1f73ef64', 'user_id': 'P11'}"
09:41:00,baselineboard.imagegen.extracted,"{'sentences': ['old man with white hair wearing a black beret wearing a grey cardigan with two black buttons, wearing dark blue pants wearing black shoes, looking left. A bit short.  Wearing a white shirt beneath the cardigan', 'a slightly brown woman with black hair that  comes to her shoulders, smiling, wearing flower patterned one-piece dress, wearing white sandals,smiling , laying her left hand on top of the right hand of the man in her left who is holding the basket', 'a man with dark brown hair wearing a blue t-shirt and beige shorts wearing black sandals holding a large dark plate with lots of water bottles on it in his left hand, and holding a brown basket up to his waist with his right hand', 'a small yellow brown girl holding a yellow balloon in her left hand and holding a brown teddy bear on her right hand. Wearing a pink sleeveless t-shirt and wearing a white skirt that comes to her knees. Wearing pink sneakers.'], 'boxes': [[0.05859375, 0.32421875, 0.203125, 0.92578125], [0.296875, 0.34765625, 0.4453125, 0.908203125], [0.51171875, 0.361328125, 0.642578125, 0.89453125], [0.7581284418702126, 0.388671875, 0.7991440668702126, 0.853515625]], 'session_id': '9f6ed6d6-aca3-4e0a-9f55-fd2d1f73ef64', 'user_id': 'P11'}"
09:41:28,prompt_saved,{'path': 'output/P11/2025-08-23_09-41-28/prompt.json'}
09:41:28,object_detection_integrated,{'objects_count': 5}
09:41:29,api.generate_image.succeeded,"{'global_caption': 'a scene featuring an old man with white hair wearing a black beret and a grey cardigan with two black buttons, wearing dark blue pants and black shoes, looking left and a bit short, wearing a white shirt beneath the cardigan; a slightly brown woman with black hair that comes to her shoulders, smiling and looking slightly left, wearing a flower-patterned one-piece dress and white sandals, laying her left hand on top of the right hand of the man to her left who is holding a basket; a man with dark brown hair wearing a blue t-shirt and beige shorts, wearing black sandals, holding a large dark plate with lots of water bottles on it in his left hand, and holding a brown basket up to his waist with his right hand; and a small yellow-brown girl holding a yellow balloon in her left hand and a brown teddy bear in her right hand, wearing a pink sleeveless t-shirt and a white skirt that comes to her knees, wearing pink sneakers, looking slightly to her right.', 'region_count': 4, 'has_image': True, 'detected_objects_count': 5, 'image_path': 'output/P11/2025-08-23_09-41-28/image.png', 'image_with_layout_path': 'output/P11/2025-08-23_09-41-28/image_with_layout.png', 'timestamp_dir': 'output/P11/2025-08-23_09-41-28', 'session_id': '9f6ed6d6-aca3-4e0a-9f55-fd2d1f73ef64', 'user_id': 'P11'}"
09:41:29,baselineboard.imagegen.succeeded,"{'durationMs': 28426, 'image_size': 565902, 'global_caption': 'a scene featuring an old man with white hair wearing a black beret and a grey cardigan with two black buttons, wearing dark blue pants and black shoes, looking left and a bit short, wearing a white shirt beneath the cardigan; a slightly brown woman with black hair that comes to her shoulders, smiling and looking slightly left, wearing a flower-patterned one-piece dress and white sandals, laying her left hand on top of the right hand of the man to her left who is holding a basket; a man with dark brown hair wearing a blue t-shirt and beige shorts, wearing black sandals, holding a large dark plate with lots of water bottles on it in his left hand, and holding a brown basket up to his waist with his right hand; and a small yellow-brown girl holding a yellow balloon in her left hand and a brown teddy bear in her right hand, wearing a pink sleeveless t-shirt and a white skirt that comes to her knees, wearing pink sneakers, looking slightly to her right.', 'refined_caption': ['an old man with white hair wearing a black beret, a grey cardigan with two black buttons, dark blue pants, and black shoes, looking left and a bit short, wearing a white shirt beneath the cardigan', 'a slightly brown woman with black hair that comes to her shoulders, smiling and looking slightly left, wearing a flower-patterned one-piece dress and white sandals, laying her left hand on top of the right hand of the man to her left who is holding a basket', 'a man with dark brown hair wearing a blue t-shirt and beige shorts, wearing black sandals, holding a large dark plate with lots of water bottles on it in his left hand, and holding a brown basket up to his waist with his right hand', 'a small yellow-brown girl holding a yellow balloon in her left hand and a brown teddy bear in her right hand, wearing a pink sleeveless t-shirt and a white skirt that comes to her knees, wearing pink sneakers, looking slightly to her right'], 'session_id': '9f6ed6d6-aca3-4e0a-9f55-fd2d1f73ef64', 'user_id': 'P11'}"
09:42:00,system_completed,"{'system': 'system1', 'completion_time': '2025-08-23T09:42:00.131Z', 'session_id': '9f6ed6d6-aca3-4e0a-9f55-fd2d1f73ef64', 'user_id': 'P11'}"
09:45:06,system_survey_completed,"{'system_type': 'system1', 'language': 'ko', 'responses': {'mental_demand': 2, 'temporal_demand': 3, 'performance': 3, 'effort': 3, 'frustration': 5, 'exploration': 1, 'engagement': 3, 'effort_reward': 2, 'transparency': 2, 'expressiveness': 2, 'dg1_clarity': 3, 'dg2_prompt_to_image': 3, 'dg2_image_to_prompt': 3, 'dg3_reusability': 4, 'dg3_selective_edit': 4}, 'additional_feedback': '', 'completion_time': '2025-08-23T09:45:06.540Z', 'system_usage_duration': 1512184, 'session_id': '9f6ed6d6-aca3-4e0a-9f55-fd2d1f73ef64', 'user_id': 'P11'}"
