timestamp,id,event,details
2000-01-01 06:17:09,,scene_saved,"{'slotNumber': 1, 'instanceCount': 0, 'nodeCount': 0, 'edgeCount': 0, 'session_id': '6c77a175-b038-4777-8ac4-52eb443031ec', 'user_id': 'P3'}"
2000-01-01 06:17:16,,scene_saved,"{'slotNumber': 1, 'instanceCount': 0, 'nodeCount': 0, 'edgeCount': 0, 'session_id': '6c77a175-b038-4777-8ac4-52eb443031ec', 'user_id': 'P3'}"
2000-01-01 06:18:25,,layout_board.new_box_positioned,"{'position': {'x': 195, 'y': 312}, 'screen_position': {'x': 258, 'y': 335}, 'board_type': 'advanced', 'session_id': '6c77a175-b038-4777-8ac4-52eb443031ec', 'user_id': 'P3'}"
2000-01-01 06:19:04,instance-258e1650-a691-4328-9fb0-3bcf7775d2b6-resizable,layoutboard.node.resizable.resized,"{'nodeId': 'instance-258e1650-a691-4328-9fb0-3bcf7775d2b6-resizable', 'prevSize': {'width': 50, 'height': 50}, 'newSize': {'width': 90, 'height': 99}, 'delta': {'width': 40, 'height': 49}, 'linkedSizeNodeIds': [], 'session_id': '6c77a175-b038-4777-8ac4-52eb443031ec', 'user_id': 'P3'}"
2000-01-01 06:19:25,instance-258e1650-a691-4328-9fb0-3bcf7775d2b6-resizable,layout.node.moved,"{'nodeId': 'instance-258e1650-a691-4328-9fb0-3bcf7775d2b6-resizable', 'newPos': {'x': 269, 'y': 246}, 'session_id': '6c77a175-b038-4777-8ac4-52eb443031ec', 'user_id': 'P3'}"
2000-01-01 06:19:28,,layout_board.new_box_positioned,"{'position': {'x': 92, 'y': 153}, 'screen_position': {'x': 155, 'y': 176}, 'board_type': 'advanced', 'session_id': '6c77a175-b038-4777-8ac4-52eb443031ec', 'user_id': 'P3'}"
2000-01-01 06:19:53,instance-bc576742-63dd-47ed-a242-06a9b1b04f4c-resizable,layoutboard.node.resizable.resized,"{'nodeId': 'instance-bc576742-63dd-47ed-a242-06a9b1b04f4c-resizable', 'prevSize': {'width': 50, 'height': 50}, 'newSize': {'width': 362, 'height': 315}, 'delta': {'width': 312, 'height': 265}, 'linkedSizeNodeIds': [], 'session_id': '6c77a175-b038-4777-8ac4-52eb443031ec', 'user_id': 'P3'}"
2000-01-01 06:19:56,instance-bc576742-63dd-47ed-a242-06a9b1b04f4c-resizable,layout.node.moved,"{'nodeId': 'instance-bc576742-63dd-47ed-a242-06a9b1b04f4c-resizable', 'newPos': {'x': 76, 'y': 113}, 'session_id': '6c77a175-b038-4777-8ac4-52eb443031ec', 'user_id': 'P3'}"
2000-01-01 06:19:59,instance-bc576742-63dd-47ed-a242-06a9b1b04f4c-resizable,layoutboard.node.resizable.resized,"{'nodeId': 'instance-bc576742-63dd-47ed-a242-06a9b1b04f4c-resizable', 'prevSize': {'width': 50, 'height': 50}, 'newSize': {'width': 365, 'height': 343}, 'delta': {'width': 315, 'height': 293}, 'linkedSizeNodeIds': [], 'session_id': '6c77a175-b038-4777-8ac4-52eb443031ec', 'user_id': 'P3'}"
2000-01-01 06:20:09,class-412add9c-ec9b-4f19-8022-0757952f86ba,class.created,"{'class_id': 'class-412add9c-ec9b-4f19-8022-0757952f86ba', 'class_name': 'rabbit Class', 'placeholder_count': 3, 'created_from': 'rabbit', 'session_id': '6c77a175-b038-4777-8ac4-52eb443031ec', 'user_id': 'P3'}"
2000-01-01 06:20:21,class-412add9c-ec9b-4f19-8022-0757952f86ba,class.updated,"{'class_id': 'class-412add9c-ec9b-4f19-8022-0757952f86ba', 'class_name': 'rabbit Class', 'placeholder_count': 3, 'object_count': 2, 'session_id': '6c77a175-b038-4777-8ac4-52eb443031ec', 'user_id': 'P3'}"
2000-01-01 06:20:39,instance-c02c7781-54d0-4a6f-9e93-d917b97bc147,instance.created_from_class,"{'instance_id': 'instance-c02c7781-54d0-4a6f-9e93-d917b97bc147', 'class_id': 'class-412add9c-ec9b-4f19-8022-0757952f86ba', 'instance_label': 'Rabbit', 'has_text_description': True, 'session_id': '6c77a175-b038-4777-8ac4-52eb443031ec', 'user_id': 'P3'}"
2000-01-01 06:20:52,instance-c02c7781-54d0-4a6f-9e93-d917b97bc147,layout.node.moved,"{'nodeId': 'instance-c02c7781-54d0-4a6f-9e93-d917b97bc147', 'newPos': {'x': 53, 'y': 295}, 'session_id': '6c77a175-b038-4777-8ac4-52eb443031ec', 'user_id': 'P3'}"
2000-01-01 06:20:57,instance-bc576742-63dd-47ed-a242-06a9b1b04f4c-resizable,layoutboard.node.resizable.resized,"{'nodeId': 'instance-bc576742-63dd-47ed-a242-06a9b1b04f4c-resizable', 'prevSize': {'width': 50, 'height': 50}, 'newSize': {'width': 403, 'height': 388}, 'delta': {'width': 353, 'height': 338}, 'linkedSizeNodeIds': [], 'session_id': '6c77a175-b038-4777-8ac4-52eb443031ec', 'user_id': 'P3'}"
2000-01-01 06:21:58,class-412add9c-ec9b-4f19-8022-0757952f86ba,class.updated,"{'class_id': 'class-412add9c-ec9b-4f19-8022-0757952f86ba', 'class_name': 'rabbit Class', 'placeholder_count': 4, 'object_count': 3, 'session_id': '6c77a175-b038-4777-8ac4-52eb443031ec', 'user_id': 'P3'}"
2000-01-01 06:22:34,instance-258e1650-a691-4328-9fb0-3bcf7775d2b6,instance.updated,"{'instance_id': 'instance-258e1650-a691-4328-9fb0-3bcf7775d2b6', 'instance_label': 'rabbit', 'text_changed': True, 'graph_changed': False, 'session_id': '6c77a175-b038-4777-8ac4-52eb443031ec', 'user_id': 'P3'}"
2000-01-01 06:23:07,,api.generate_image.succeeded,"{'global_caption': 'a scene featuring a cute rabbit walking on two feet in a fairy tale illustration, Rabbit Village, and another cute rabbit walking on two feet in a fairy tale illustration', 'region_count': 3, 'has_image': True, 'detected_objects_count': 1, 'image_path': 'output/P3/2025-08-23_06-23-07/image.png', 'image_with_layout_path': 'output/P3/2025-08-23_06-23-07/image_with_layout.png', 'timestamp_dir': 'output/P3/2025-08-23_06-23-07', 'session_id': '6c77a175-b038-4777-8ac4-52eb443031ec', 'user_id': 'P3'}"
2000-01-01 06:23:20,instance-bc576742-63dd-47ed-a242-06a9b1b04f4c-resizable,layoutboard.node.resizable.resized,"{'nodeId': 'instance-bc576742-63dd-47ed-a242-06a9b1b04f4c-resizable', 'prevSize': {'width': 50, 'height': 50}, 'newSize': {'width': 442, 'height': 456}, 'delta': {'width': 392, 'height': 406}, 'linkedSizeNodeIds': [], 'session_id': '6c77a175-b038-4777-8ac4-52eb443031ec', 'user_id': 'P3'}"
2000-01-01 06:23:24,instance-bc576742-63dd-47ed-a242-06a9b1b04f4c-resizable,layoutboard.node.resizable.resized,"{'nodeId': 'instance-bc576742-63dd-47ed-a242-06a9b1b04f4c-resizable', 'prevSize': {'width': 50, 'height': 50}, 'newSize': {'width': 514, 'height': 513}, 'delta': {'width': 464, 'height': 463}, 'linkedSizeNodeIds': [], 'session_id': '6c77a175-b038-4777-8ac4-52eb443031ec', 'user_id': 'P3'}"
2000-01-01 06:23:28,instance-bc576742-63dd-47ed-a242-06a9b1b04f4c-resizable,layout.node.moved,"{'nodeId': 'instance-bc576742-63dd-47ed-a242-06a9b1b04f4c-resizable', 'newPos': {'x': -2, 'y': -1}, 'session_id': '6c77a175-b038-4777-8ac4-52eb443031ec', 'user_id': 'P3'}"
2000-01-01 06:23:29,instance-bc576742-63dd-47ed-a242-06a9b1b04f4c-resizable,layout.node.moved,"{'nodeId': 'instance-bc576742-63dd-47ed-a242-06a9b1b04f4c-resizable', 'newPos': {'x': -2, 'y': -1}, 'session_id': '6c77a175-b038-4777-8ac4-52eb443031ec', 'user_id': 'P3'}"
2000-01-01 06:23:30,instance-bc576742-63dd-47ed-a242-06a9b1b04f4c,layout.node.moved,"{'nodeId': 'instance-bc576742-63dd-47ed-a242-06a9b1b04f4c', 'newPos': {'x': 20, 'y': 27}, 'session_id': '6c77a175-b038-4777-8ac4-52eb443031ec', 'user_id': 'P3'}"
2000-01-01 06:23:33,instance-bc576742-63dd-47ed-a242-06a9b1b04f4c-resizable,layoutboard.node.resizable.resized,"{'nodeId': 'instance-bc576742-63dd-47ed-a242-06a9b1b04f4c-resizable', 'prevSize': {'width': 50, 'height': 50}, 'newSize': {'width': 477, 'height': 475}, 'delta': {'width': 427, 'height': 425}, 'linkedSizeNodeIds': [], 'session_id': '6c77a175-b038-4777-8ac4-52eb443031ec', 'user_id': 'P3'}"
2000-01-01 06:23:35,instance-bc576742-63dd-47ed-a242-06a9b1b04f4c,layout.node.moved,"{'nodeId': 'instance-bc576742-63dd-47ed-a242-06a9b1b04f4c', 'newPos': {'x': 16, 'y': 19}, 'session_id': '6c77a175-b038-4777-8ac4-52eb443031ec', 'user_id': 'P3'}"
2000-01-01 06:24:42,instance-258e1650-a691-4328-9fb0-3bcf7775d2b6,instance.updated,"{'instance_id': 'instance-258e1650-a691-4328-9fb0-3bcf7775d2b6', 'instance_label': 'rabbit', 'text_changed': False, 'graph_changed': True, 'session_id': '6c77a175-b038-4777-8ac4-52eb443031ec', 'user_id': 'P3'}"
2000-01-01 06:24:54,instance-c02c7781-54d0-4a6f-9e93-d917b97bc147,layout.node.moved,"{'nodeId': 'instance-c02c7781-54d0-4a6f-9e93-d917b97bc147', 'newPos': {'x': 118, 'y': 278}, 'session_id': '6c77a175-b038-4777-8ac4-52eb443031ec', 'user_id': 'P3'}"
2000-01-01 06:24:57,instance-c02c7781-54d0-4a6f-9e93-d917b97bc147-resizable,layoutboard.node.resizable.resized,"{'nodeId': 'instance-c02c7781-54d0-4a6f-9e93-d917b97bc147-resizable', 'prevSize': {'width': 50, 'height': 50}, 'newSize': {'width': 114, 'height': 87}, 'delta': {'width': 64, 'height': 37}, 'linkedSizeNodeIds': [], 'session_id': '6c77a175-b038-4777-8ac4-52eb443031ec', 'user_id': 'P3'}"
2000-01-01 06:25:11,,api.generate_image.succeeded,"{'global_caption': 'a scene featuring a cute rabbit walking on two feet in a fairy tale illustration, connected to a blue jacket, Rabbit Village, and another cute rabbit walking on two feet in a fairy tale illustration', 'region_count': 3, 'has_image': True, 'detected_objects_count': 2, 'image_path': 'output/P3/2025-08-23_06-25-10/image.png', 'image_with_layout_path': 'output/P3/2025-08-23_06-25-10/image_with_layout.png', 'timestamp_dir': 'output/P3/2025-08-23_06-25-10', 'session_id': '6c77a175-b038-4777-8ac4-52eb443031ec', 'user_id': 'P3'}"
2000-01-01 06:25:39,dbf6ebe2-1674-4cdf-8d5e-f83a1c78a3bc,instance_created_from_detection,"{'instanceId': 'dbf6ebe2-1674-4cdf-8d5e-f83a1c78a3bc', 'label': 'Rabbit', 'originalObjectLabel': 'horse', 'session_id': '6c77a175-b038-4777-8ac4-52eb443031ec', 'user_id': 'P3'}"
2000-01-01 06:25:56,dbf6ebe2-1674-4cdf-8d5e-f83a1c78a3bc,instance.deleted,"{'instance_id': 'dbf6ebe2-1674-4cdf-8d5e-f83a1c78a3bc', 'instance_label': 'Rabbit', 'is_from_class': False, 'class_id': None, 'session_id': '6c77a175-b038-4777-8ac4-52eb443031ec', 'user_id': 'P3'}"
2000-01-01 06:26:07,instance-bc576742-63dd-47ed-a242-06a9b1b04f4c-resizable,layout.node.moved,"{'nodeId': 'instance-bc576742-63dd-47ed-a242-06a9b1b04f4c-resizable', 'newPos': {'x': 0, 'y': 0}, 'session_id': '6c77a175-b038-4777-8ac4-52eb443031ec', 'user_id': 'P3'}"
2000-01-01 06:26:10,instance-bc576742-63dd-47ed-a242-06a9b1b04f4c-resizable,layout.node.moved,"{'nodeId': 'instance-bc576742-63dd-47ed-a242-06a9b1b04f4c-resizable', 'newPos': {'x': 14, 'y': 12}, 'session_id': '6c77a175-b038-4777-8ac4-52eb443031ec', 'user_id': 'P3'}"
2000-01-01 06:26:11,,scene_saved,"{'slotNumber': 1, 'instanceCount': 3, 'nodeCount': 6, 'edgeCount': 0, 'session_id': '6c77a175-b038-4777-8ac4-52eb443031ec', 'user_id': 'P3'}"
2000-01-01 06:26:12,,scene_saved,"{'slotNumber': 1, 'instanceCount': 3, 'nodeCount': 6, 'edgeCount': 0, 'session_id': '6c77a175-b038-4777-8ac4-52eb443031ec', 'user_id': 'P3'}"
2000-01-01 06:26:13,,scene_saved,"{'slotNumber': 1, 'instanceCount': 3, 'nodeCount': 6, 'edgeCount': 0, 'session_id': '6c77a175-b038-4777-8ac4-52eb443031ec', 'user_id': 'P3'}"
2000-01-01 06:27:17,instance-bc576742-63dd-47ed-a242-06a9b1b04f4c,instance.updated,"{'instance_id': 'instance-bc576742-63dd-47ed-a242-06a9b1b04f4c', 'instance_label': 'village', 'text_changed': False, 'graph_changed': True, 'session_id': '6c77a175-b038-4777-8ac4-52eb443031ec', 'user_id': 'P3'}"
2000-01-01 06:28:27,instance-258e1650-a691-4328-9fb0-3bcf7775d2b6,instance.updated,"{'instance_id': 'instance-258e1650-a691-4328-9fb0-3bcf7775d2b6', 'instance_label': 'rabbit', 'text_changed': False, 'graph_changed': True, 'session_id': '6c77a175-b038-4777-8ac4-52eb443031ec', 'user_id': 'P3'}"
2000-01-01 06:29:00,instance-c02c7781-54d0-4a6f-9e93-d917b97bc147,instance.updated,"{'instance_id': 'instance-c02c7781-54d0-4a6f-9e93-d917b97bc147', 'instance_label': 'Rabbit', 'text_changed': False, 'graph_changed': True, 'session_id': '6c77a175-b038-4777-8ac4-52eb443031ec', 'user_id': 'P3'}"
2000-01-01 06:29:06,,layout_board.new_box_positioned,"{'position': {'x': 228, 'y': 140}, 'screen_position': {'x': 291, 'y': 163}, 'board_type': 'advanced', 'session_id': '6c77a175-b038-4777-8ac4-52eb443031ec', 'user_id': 'P3'}"
2000-01-01 06:29:18,instance-bc576742-63dd-47ed-a242-06a9b1b04f4c-resizable,layout.node.moved,"{'nodeId': 'instance-bc576742-63dd-47ed-a242-06a9b1b04f4c-resizable', 'newPos': {'x': 18, 'y': 17}, 'session_id': '6c77a175-b038-4777-8ac4-52eb443031ec', 'user_id': 'P3'}"
2000-01-01 06:29:20,instance-bc576742-63dd-47ed-a242-06a9b1b04f4c-resizable,layout.node.moved,"{'nodeId': 'instance-bc576742-63dd-47ed-a242-06a9b1b04f4c-resizable', 'newPos': {'x': 0, 'y': 13}, 'session_id': '6c77a175-b038-4777-8ac4-52eb443031ec', 'user_id': 'P3'}"
2000-01-01 06:29:21,instance-bc576742-63dd-47ed-a242-06a9b1b04f4c-resizable,layout.node.moved,"{'nodeId': 'instance-bc576742-63dd-47ed-a242-06a9b1b04f4c-resizable', 'newPos': {'x': 17, 'y': 13}, 'session_id': '6c77a175-b038-4777-8ac4-52eb443031ec', 'user_id': 'P3'}"
2000-01-01 06:29:24,instance-bc576742-63dd-47ed-a242-06a9b1b04f4c-resizable,layoutboard.node.resizable.resized,"{'nodeId': 'instance-bc576742-63dd-47ed-a242-06a9b1b04f4c-resizable', 'prevSize': {'width': 50, 'height': 50}, 'newSize': {'width': 127, 'height': 91}, 'delta': {'width': 77, 'height': 41}, 'linkedSizeNodeIds': [], 'session_id': '6c77a175-b038-4777-8ac4-52eb443031ec', 'user_id': 'P3'}"
2000-01-01 06:29:26,instance-a2ba25a1-015c-43f3-9223-a565c3cb83d2,layout.node.moved,"{'nodeId': 'instance-a2ba25a1-015c-43f3-9223-a565c3cb83d2', 'newPos': {'x': 194, 'y': 176}, 'session_id': '6c77a175-b038-4777-8ac4-52eb443031ec', 'user_id': 'P3'}"
2000-01-01 06:29:27,instance-a2ba25a1-015c-43f3-9223-a565c3cb83d2-resizable,layoutboard.node.resizable.resized,"{'nodeId': 'instance-a2ba25a1-015c-43f3-9223-a565c3cb83d2-resizable', 'prevSize': {'width': 50, 'height': 50}, 'newSize': {'width': 61, 'height': 69}, 'delta': {'width': 11, 'height': 19}, 'linkedSizeNodeIds': [], 'session_id': '6c77a175-b038-4777-8ac4-52eb443031ec', 'user_id': 'P3'}"
2000-01-01 06:29:46,instance-258e1650-a691-4328-9fb0-3bcf7775d2b6-resizable,layoutboard.node.resizable.resized,"{'nodeId': 'instance-258e1650-a691-4328-9fb0-3bcf7775d2b6-resizable', 'prevSize': {'width': 50, 'height': 50}, 'newSize': {'width': 69, 'height': 192}, 'delta': {'width': 19, 'height': 142}, 'linkedSizeNodeIds': [], 'session_id': '6c77a175-b038-4777-8ac4-52eb443031ec', 'user_id': 'P3'}"
2000-01-01 06:29:47,instance-258e1650-a691-4328-9fb0-3bcf7775d2b6-resizable,layoutboard.node.resizable.resized,"{'nodeId': 'instance-258e1650-a691-4328-9fb0-3bcf7775d2b6-resizable', 'prevSize': {'width': 50, 'height': 50}, 'newSize': {'width': 110, 'height': 216}, 'delta': {'width': 60, 'height': 166}, 'linkedSizeNodeIds': [], 'session_id': '6c77a175-b038-4777-8ac4-52eb443031ec', 'user_id': 'P3'}"
2000-01-01 06:30:01,instance-c02c7781-54d0-4a6f-9e93-d917b97bc147-resizable,layoutboard.node.resizable.resized,"{'nodeId': 'instance-c02c7781-54d0-4a6f-9e93-d917b97bc147-resizable', 'prevSize': {'width': 50, 'height': 50}, 'newSize': {'width': 146, 'height': 155}, 'delta': {'width': 96, 'height': 105}, 'linkedSizeNodeIds': [], 'session_id': '6c77a175-b038-4777-8ac4-52eb443031ec', 'user_id': 'P3'}"
2000-01-01 06:30:02,instance-c02c7781-54d0-4a6f-9e93-d917b97bc147,layout.node.moved,"{'nodeId': 'instance-c02c7781-54d0-4a6f-9e93-d917b97bc147', 'newPos': {'x': 53, 'y': 199}, 'session_id': '6c77a175-b038-4777-8ac4-52eb443031ec', 'user_id': 'P3'}"
2000-01-01 06:30:05,instance-c02c7781-54d0-4a6f-9e93-d917b97bc147-resizable,layoutboard.node.resizable.resized,"{'nodeId': 'instance-c02c7781-54d0-4a6f-9e93-d917b97bc147-resizable', 'prevSize': {'width': 50, 'height': 50}, 'newSize': {'width': 114, 'height': 182}, 'delta': {'width': 64, 'height': 132}, 'linkedSizeNodeIds': [], 'session_id': '6c77a175-b038-4777-8ac4-52eb443031ec', 'user_id': 'P3'}"
2000-01-01 06:30:08,instance-c02c7781-54d0-4a6f-9e93-d917b97bc147,layout.node.moved,"{'nodeId': 'instance-c02c7781-54d0-4a6f-9e93-d917b97bc147', 'newPos': {'x': 72, 'y': 171}, 'session_id': '6c77a175-b038-4777-8ac4-52eb443031ec', 'user_id': 'P3'}"
2000-01-01 06:30:10,instance-a2ba25a1-015c-43f3-9223-a565c3cb83d2,layout.node.moved,"{'nodeId': 'instance-a2ba25a1-015c-43f3-9223-a565c3cb83d2', 'newPos': {'x': 209, 'y': 139}, 'session_id': '6c77a175-b038-4777-8ac4-52eb443031ec', 'user_id': 'P3'}"
2000-01-01 06:30:19,,relationship_node.created,"{'relationship_id': 'instance-258e1650-a691-4328-9fb0-3bcf7775d2b6->instance-a2ba25a1-015c-43f3-9223-a565c3cb83d2:giving', 'sourceId': 'instance-258e1650-a691-4328-9fb0-3bcf7775d2b6', 'targetId': 'instance-a2ba25a1-015c-43f3-9223-a565c3cb83d2', 'relation': 'giving', 'video_time': '34:21'}"
2000-01-01 06:30:21,instance-258e1650-a691-4328-9fb0-3bcf7775d2b6,layout.node.moved,"{'nodeId': 'instance-258e1650-a691-4328-9fb0-3bcf7775d2b6', 'newPos': {'x': 306, 'y': 164}, 'session_id': '6c77a175-b038-4777-8ac4-52eb443031ec', 'user_id': 'P3'}"
2000-01-01 06:30:26,,relationship_node.created,"{'relationship_id': 'instance-258e1650-a691-4328-9fb0-3bcf7775d2b6->instance-a2ba25a1-015c-43f3-9223-a565c3cb83d2:receiving', 'sourceId': 'instance-258e1650-a691-4328-9fb0-3bcf7775d2b6', 'targetId': 'instance-a2ba25a1-015c-43f3-9223-a565c3cb83d2', 'relation': 'receiving', 'video_time': '34:28'}"
2000-01-01 06:30:43,instance-bc576742-63dd-47ed-a242-06a9b1b04f4c-resizable,layoutboard.node.resizable.resized,"{'nodeId': 'instance-bc576742-63dd-47ed-a242-06a9b1b04f4c-resizable', 'prevSize': {'width': 50, 'height': 50}, 'newSize': {'width': 482, 'height': 470}, 'delta': {'width': 432, 'height': 420}, 'linkedSizeNodeIds': [], 'session_id': '6c77a175-b038-4777-8ac4-52eb443031ec', 'user_id': 'P3'}"
2000-01-01 06:31:10,,api.generate_image.succeeded,"{'global_caption': 'a scene featuring a cute child rabbit walking on two feet in a fairy tale illustration, connected to a blue jacket, receiving a balloon, a Rabbit Village with a parade, a cute adult rabbit walking on two feet in a fairy tale illustration, giving a balloon, and a red balloon', 'region_count': 4, 'has_image': True, 'detected_objects_count': 0, 'image_path': 'output/P3/2025-08-23_06-31-10/image.png', 'image_with_layout_path': 'output/P3/2025-08-23_06-31-10/image_with_layout.png', 'timestamp_dir': 'output/P3/2025-08-23_06-31-10', 'session_id': '6c77a175-b038-4777-8ac4-52eb443031ec', 'user_id': 'P3'}"
2000-01-01 06:31:24,instance-258e1650-a691-4328-9fb0-3bcf7775d2b6,layout.node.moved,"{'nodeId': 'instance-258e1650-a691-4328-9fb0-3bcf7775d2b6', 'newPos': {'x': 317, 'y': 177}, 'session_id': '6c77a175-b038-4777-8ac4-52eb443031ec', 'user_id': 'P3'}"
2000-01-01 06:31:29,instance-bc576742-63dd-47ed-a242-06a9b1b04f4c-resizable,layout.node.moved,"{'nodeId': 'instance-bc576742-63dd-47ed-a242-06a9b1b04f4c-resizable', 'newPos': {'x': 0, 'y': 42}, 'session_id': '6c77a175-b038-4777-8ac4-52eb443031ec', 'user_id': 'P3'}"
2000-01-01 06:31:30,instance-bc576742-63dd-47ed-a242-06a9b1b04f4c-resizable,layout.node.moved,"{'nodeId': 'instance-bc576742-63dd-47ed-a242-06a9b1b04f4c-resizable', 'newPos': {'x': 0, 'y': 42}, 'session_id': '6c77a175-b038-4777-8ac4-52eb443031ec', 'user_id': 'P3'}"
2000-01-01 06:31:34,instance-bc576742-63dd-47ed-a242-06a9b1b04f4c,layout.node.moved,"{'nodeId': 'instance-bc576742-63dd-47ed-a242-06a9b1b04f4c', 'newPos': {'x': 36, 'y': 42}, 'session_id': '6c77a175-b038-4777-8ac4-52eb443031ec', 'user_id': 'P3'}"
2000-01-01 06:31:36,instance-bc576742-63dd-47ed-a242-06a9b1b04f4c-resizable,layoutboard.node.resizable.resized,"{'nodeId': 'instance-bc576742-63dd-47ed-a242-06a9b1b04f4c-resizable', 'prevSize': {'width': 50, 'height': 50}, 'newSize': {'width': 488, 'height': 190}, 'delta': {'width': 438, 'height': 140}, 'linkedSizeNodeIds': [], 'session_id': '6c77a175-b038-4777-8ac4-52eb443031ec', 'user_id': 'P3'}"
2000-01-01 06:31:39,instance-c02c7781-54d0-4a6f-9e93-d917b97bc147-resizable,layoutboard.node.resizable.resized,"{'nodeId': 'instance-c02c7781-54d0-4a6f-9e93-d917b97bc147-resizable', 'prevSize': {'width': 50, 'height': 50}, 'newSize': {'width': 166, 'height': 268}, 'delta': {'width': 116, 'height': 218}, 'linkedSizeNodeIds': [], 'session_id': '6c77a175-b038-4777-8ac4-52eb443031ec', 'user_id': 'P3'}"
2000-01-01 06:31:41,,relationship_node.deleted,"{'relationship_id': 'instance-258e1650-a691-4328-9fb0-3bcf7775d2b6-instance-a2ba25a1-015c-43f3-9223-a565c3cb83d2', 'source_object_id': 'instance-258e1650-a691-4328-9fb0-3bcf7775d2b6', 'target_object_id': 'instance-a2ba25a1-015c-43f3-9223-a565c3cb83d2', 'relation': 'recieving', 'source_object_name': 'rabbit', 'target_object_name': 'balloon', 'session_id': '6c77a175-b038-4777-8ac4-52eb443031ec', 'user_id': 'P3'}"
2000-01-01 06:31:45,instance-258e1650-a691-4328-9fb0-3bcf7775d2b6,layout.node.moved,"{'nodeId': 'instance-258e1650-a691-4328-9fb0-3bcf7775d2b6', 'newPos': {'x': 329, 'y': 113}, 'session_id': '6c77a175-b038-4777-8ac4-52eb443031ec', 'user_id': 'P3'}"
2000-01-01 06:31:48,instance-258e1650-a691-4328-9fb0-3bcf7775d2b6-resizable,layoutboard.node.resizable.resized,"{'nodeId': 'instance-258e1650-a691-4328-9fb0-3bcf7775d2b6-resizable', 'prevSize': {'width': 50, 'height': 50}, 'newSize': {'width': 90, 'height': 119}, 'delta': {'width': 40, 'height': 69}, 'linkedSizeNodeIds': [], 'session_id': '6c77a175-b038-4777-8ac4-52eb443031ec', 'user_id': 'P3'}"
2000-01-01 06:31:50,instance-c02c7781-54d0-4a6f-9e93-d917b97bc147,layout.node.moved,"{'nodeId': 'instance-c02c7781-54d0-4a6f-9e93-d917b97bc147', 'newPos': {'x': 98, 'y': 89}, 'session_id': '6c77a175-b038-4777-8ac4-52eb443031ec', 'user_id': 'P3'}"
2000-01-01 06:32:01,instance-bc576742-63dd-47ed-a242-06a9b1b04f4c,layout.node.moved,"{'nodeId': 'instance-bc576742-63dd-47ed-a242-06a9b1b04f4c', 'newPos': {'x': 7, 'y': 2}, 'session_id': '6c77a175-b038-4777-8ac4-52eb443031ec', 'user_id': 'P3'}"
2000-01-01 06:32:05,instance-bc576742-63dd-47ed-a242-06a9b1b04f4c-resizable,layoutboard.node.resizable.resized,"{'nodeId': 'instance-bc576742-63dd-47ed-a242-06a9b1b04f4c-resizable', 'prevSize': {'width': 50, 'height': 50}, 'newSize': {'width': 484, 'height': 485}, 'delta': {'width': 434, 'height': 435}, 'linkedSizeNodeIds': [], 'session_id': '6c77a175-b038-4777-8ac4-52eb443031ec', 'user_id': 'P3'}"
2000-01-01 06:32:31,,api.generate_image.succeeded,"{'global_caption': 'a scene featuring a cute child rabbit walking on two feet in a fairy tale illustration, connected to a blue jacket, a Rabbit Village with a parade, a cute adult rabbit walking on two feet in a fairy tale illustration giving a balloon, and a red balloon', 'region_count': 4, 'has_image': True, 'detected_objects_count': 0, 'image_path': 'output/P3/2025-08-23_06-32-31/image.png', 'image_with_layout_path': 'output/P3/2025-08-23_06-32-31/image_with_layout.png', 'timestamp_dir': 'output/P3/2025-08-23_06-32-31', 'session_id': '6c77a175-b038-4777-8ac4-52eb443031ec', 'user_id': 'P3'}"
2000-01-01 06:32:55,instance-258e1650-a691-4328-9fb0-3bcf7775d2b6,instance.updated,"{'instance_id': 'instance-258e1650-a691-4328-9fb0-3bcf7775d2b6', 'instance_label': 'rabbit', 'text_changed': False, 'graph_changed': True, 'session_id': '6c77a175-b038-4777-8ac4-52eb443031ec', 'user_id': 'P3'}"
2000-01-01 06:33:22,,api.generate_image.succeeded,"{'global_caption': 'a scene featuring a cute little child rabbit walking on two feet in a fairy tale illustration, connected to a blue jacket, a Rabbit Village with a parade, a cute adult rabbit walking on two feet in a fairy tale illustration giving a balloon, and a red balloon', 'region_count': 4, 'has_image': True, 'detected_objects_count': 0, 'image_path': 'output/P3/2025-08-23_06-33-21/image.png', 'image_with_layout_path': 'output/P3/2025-08-23_06-33-21/image_with_layout.png', 'timestamp_dir': 'output/P3/2025-08-23_06-33-21', 'session_id': '6c77a175-b038-4777-8ac4-52eb443031ec', 'user_id': 'P3'}"
2000-01-01 06:34:57,instance-c02c7781-54d0-4a6f-9e93-d917b97bc147,instance.updated,"{'instance_id': 'instance-c02c7781-54d0-4a6f-9e93-d917b97bc147', 'instance_label': 'Rabbit', 'text_changed': False, 'graph_changed': True, 'session_id': '6c77a175-b038-4777-8ac4-52eb443031ec', 'user_id': 'P3'}"
2000-01-01 06:35:32,,api.generate_image.succeeded,"{'global_caption': 'a scene featuring a cute little child rabbit walking on two feet in a fairy tale illustration, connected to a blue jacket, a Rabbit Village with a parade, an adult rabbit walking on two feet in a fairy tale illustration, wearing a fedora and giving a red balloon', 'region_count': 4, 'has_image': True, 'detected_objects_count': 4, 'image_path': 'output/P3/2025-08-23_06-35-32/image.png', 'image_with_layout_path': 'output/P3/2025-08-23_06-35-32/image_with_layout.png', 'timestamp_dir': 'output/P3/2025-08-23_06-35-32', 'session_id': '6c77a175-b038-4777-8ac4-52eb443031ec', 'user_id': 'P3'}"
2000-01-01 06:35:44,,scene_saved,"{'slotNumber': 2, 'instanceCount': 4, 'nodeCount': 8, 'edgeCount': 1, 'session_id': '6c77a175-b038-4777-8ac4-52eb443031ec', 'user_id': 'P3'}"
2000-01-01 06:36:34,instance-c02c7781-54d0-4a6f-9e93-d917b97bc147,instance.updated,"{'instance_id': 'instance-c02c7781-54d0-4a6f-9e93-d917b97bc147', 'instance_label': 'rabbit', 'text_changed': True, 'graph_changed': False, 'session_id': '6c77a175-b038-4777-8ac4-52eb443031ec', 'user_id': 'P3'}"
2000-01-01 06:37:03,,api.generate_image.succeeded,"{'global_caption': 'a scene featuring a cute little child rabbit walking on two feet, connected to a blue jacket in a fairy tale illustration, a Rabbit Village with a parade, and an adult rabbit walking on two feet, wearing a fedora and a black suit in a fairy tale illustration, giving a red balloon.', 'region_count': 4, 'has_image': True, 'detected_objects_count': 2, 'image_path': 'output/P3/2025-08-23_06-37-02/image.png', 'image_with_layout_path': 'output/P3/2025-08-23_06-37-02/image_with_layout.png', 'timestamp_dir': 'output/P3/2025-08-23_06-37-02', 'session_id': '6c77a175-b038-4777-8ac4-52eb443031ec', 'user_id': 'P3'}"
2000-01-01 06:37:21,instance-c02c7781-54d0-4a6f-9e93-d917b97bc147-resizable,layout.node.moved,"{'nodeId': 'instance-c02c7781-54d0-4a6f-9e93-d917b97bc147-resizable', 'newPos': {'x': 122, 'y': 111}, 'session_id': '6c77a175-b038-4777-8ac4-52eb443031ec', 'user_id': 'P3'}"
2000-01-01 06:37:23,instance-a2ba25a1-015c-43f3-9223-a565c3cb83d2,layout.node.moved,"{'nodeId': 'instance-a2ba25a1-015c-43f3-9223-a565c3cb83d2', 'newPos': {'x': 275, 'y': 131}, 'session_id': '6c77a175-b038-4777-8ac4-52eb443031ec', 'user_id': 'P3'}"
2000-01-01 06:37:24,instance-bc576742-63dd-47ed-a242-06a9b1b04f4c-resizable,layout.node.moved,"{'nodeId': 'instance-bc576742-63dd-47ed-a242-06a9b1b04f4c-resizable', 'newPos': {'x': 0, 'y': 9}, 'session_id': '6c77a175-b038-4777-8ac4-52eb443031ec', 'user_id': 'P3'}"
2000-01-01 06:37:25,instance-bc576742-63dd-47ed-a242-06a9b1b04f4c-resizable,layout.node.moved,"{'nodeId': 'instance-bc576742-63dd-47ed-a242-06a9b1b04f4c-resizable', 'newPos': {'x': 23, 'y': 10}, 'session_id': '6c77a175-b038-4777-8ac4-52eb443031ec', 'user_id': 'P3'}"
2000-01-01 06:37:30,instance-bc576742-63dd-47ed-a242-06a9b1b04f4c-resizable,layout.node.moved,"{'nodeId': 'instance-bc576742-63dd-47ed-a242-06a9b1b04f4c-resizable', 'newPos': {'x': 0, 'y': 16}, 'session_id': '6c77a175-b038-4777-8ac4-52eb443031ec', 'user_id': 'P3'}"
2000-01-01 06:37:32,instance-bc576742-63dd-47ed-a242-06a9b1b04f4c-resizable,layout.node.moved,"{'nodeId': 'instance-bc576742-63dd-47ed-a242-06a9b1b04f4c-resizable', 'newPos': {'x': 14, 'y': 12}, 'session_id': '6c77a175-b038-4777-8ac4-52eb443031ec', 'user_id': 'P3'}"
2000-01-01 06:37:58,,api.generate_image.succeeded,"{'global_caption': 'a scene featuring a cute little child rabbit walking on two feet, connected to a blue jacket in a fairy tale illustration, a Rabbit Village with a parade, and an adult rabbit walking on two feet, wearing a fedora and a black suit in a fairy tale illustration, giving a red balloon.', 'region_count': 4, 'has_image': True, 'detected_objects_count': 4, 'image_path': 'output/P3/2025-08-23_06-37-58/image.png', 'image_with_layout_path': 'output/P3/2025-08-23_06-37-58/image_with_layout.png', 'timestamp_dir': 'output/P3/2025-08-23_06-37-58', 'session_id': '6c77a175-b038-4777-8ac4-52eb443031ec', 'user_id': 'P3'}"
2000-01-01 06:38:04,,scene_saved,"{'slotNumber': 2, 'instanceCount': 4, 'nodeCount': 8, 'edgeCount': 1, 'session_id': '6c77a175-b038-4777-8ac4-52eb443031ec', 'user_id': 'P3'}"
2000-01-01 06:38:05,,scene_saved,"{'slotNumber': 2, 'instanceCount': 4, 'nodeCount': 8, 'edgeCount': 1, 'session_id': '6c77a175-b038-4777-8ac4-52eb443031ec', 'user_id': 'P3'}"
2000-01-01 06:38:25,instance-bc576742-63dd-47ed-a242-06a9b1b04f4c-resizable,layout.node.moved,"{'nodeId': 'instance-bc576742-63dd-47ed-a242-06a9b1b04f4c-resizable', 'newPos': {'x': 15, 'y': 7}, 'session_id': '6c77a175-b038-4777-8ac4-52eb443031ec', 'user_id': 'P3'}"
2000-01-01 06:38:28,instance-bc576742-63dd-47ed-a242-06a9b1b04f4c-resizable,layout.node.moved,"{'nodeId': 'instance-bc576742-63dd-47ed-a242-06a9b1b04f4c-resizable', 'newPos': {'x': 28, 'y': 27}, 'session_id': '6c77a175-b038-4777-8ac4-52eb443031ec', 'user_id': 'P3'}"
2000-01-01 06:38:30,instance-bc576742-63dd-47ed-a242-06a9b1b04f4c-resizable,layout.node.moved,"{'nodeId': 'instance-bc576742-63dd-47ed-a242-06a9b1b04f4c-resizable', 'newPos': {'x': 28, 'y': 27}, 'session_id': '6c77a175-b038-4777-8ac4-52eb443031ec', 'user_id': 'P3'}"
2000-01-01 06:38:34,instance-bc576742-63dd-47ed-a242-06a9b1b04f4c-resizable,layoutboard.node.resizable.resized,"{'nodeId': 'instance-bc576742-63dd-47ed-a242-06a9b1b04f4c-resizable', 'prevSize': {'width': 50, 'height': 50}, 'newSize': {'width': 505, 'height': 188}, 'delta': {'width': 455, 'height': 138}, 'linkedSizeNodeIds': [], 'session_id': '6c77a175-b038-4777-8ac4-52eb443031ec', 'user_id': 'P3'}"
2000-01-01 06:38:45,instance-c02c7781-54d0-4a6f-9e93-d917b97bc147,instance.deleted,"{'instance_id': 'instance-c02c7781-54d0-4a6f-9e93-d917b97bc147', 'instance_label': 'rabbit', 'is_from_class': True, 'class_id': 'class-412add9c-ec9b-4f19-8022-0757952f86ba', 'session_id': '6c77a175-b038-4777-8ac4-52eb443031ec', 'user_id': 'P3'}"
2000-01-01 06:39:51,instance-258e1650-a691-4328-9fb0-3bcf7775d2b6,instance.updated,"{'instance_id': 'instance-258e1650-a691-4328-9fb0-3bcf7775d2b6', 'instance_label': 'rabbit', 'text_changed': False, 'graph_changed': True, 'session_id': '6c77a175-b038-4777-8ac4-52eb443031ec', 'user_id': 'P3'}"
2000-01-01 06:39:59,instance-a2ba25a1-015c-43f3-9223-a565c3cb83d2,instance.updated,"{'instance_id': 'instance-a2ba25a1-015c-43f3-9223-a565c3cb83d2', 'instance_label': 'balloon', 'text_changed': True, 'graph_changed': False, 'session_id': '6c77a175-b038-4777-8ac4-52eb443031ec', 'user_id': 'P3'}"
2000-01-01 06:40:06,instance-bc576742-63dd-47ed-a242-06a9b1b04f4c,instance.deleted,"{'instance_id': 'instance-bc576742-63dd-47ed-a242-06a9b1b04f4c', 'instance_label': 'village', 'is_from_class': False, 'class_id': None, 'session_id': '6c77a175-b038-4777-8ac4-52eb443031ec', 'user_id': 'P3'}"
2000-01-01 06:40:09,instance-258e1650-a691-4328-9fb0-3bcf7775d2b6,layout.node.moved,"{'nodeId': 'instance-258e1650-a691-4328-9fb0-3bcf7775d2b6', 'newPos': {'x': 228, 'y': 252}, 'session_id': '6c77a175-b038-4777-8ac4-52eb443031ec', 'user_id': 'P3'}"
2000-01-01 06:40:11,instance-a2ba25a1-015c-43f3-9223-a565c3cb83d2,layout.node.moved,"{'nodeId': 'instance-a2ba25a1-015c-43f3-9223-a565c3cb83d2', 'newPos': {'x': 220, 'y': 159}, 'session_id': '6c77a175-b038-4777-8ac4-52eb443031ec', 'user_id': 'P3'}"
2000-01-01 06:40:34,,relationship_node.deleted,"{'relationship_id': 'instance-258e1650-a691-4328-9fb0-3bcf7775d2b6-instance-a2ba25a1-015c-43f3-9223-a565c3cb83d2', 'source_object_id': 'instance-258e1650-a691-4328-9fb0-3bcf7775d2b6', 'target_object_id': 'instance-a2ba25a1-015c-43f3-9223-a565c3cb83d2', 'relation': 'related', 'source_object_name': 'rabbit', 'target_object_name': 'balloon', 'session_id': '6c77a175-b038-4777-8ac4-52eb443031ec', 'user_id': 'P3'}"
2000-01-01 06:40:38,,relationship_node.created,"{'relationship_id': 'instance-258e1650-a691-4328-9fb0-3bcf7775d2b6->instance-a2ba25a1-015c-43f3-9223-a565c3cb83d2:looking up', 'sourceId': 'instance-258e1650-a691-4328-9fb0-3bcf7775d2b6', 'targetId': 'instance-a2ba25a1-015c-43f3-9223-a565c3cb83d2', 'relation': 'looking up', 'video_time': '44:40'}"
2000-01-01 06:40:52,,layout_board.new_box_positioned,"{'position': {'x': 24, 'y': 10}, 'screen_position': {'x': 87, 'y': 53}, 'board_type': 'advanced', 'session_id': '6c77a175-b038-4777-8ac4-52eb443031ec', 'user_id': 'P3'}"
2000-01-01 06:41:35,,layout_board.new_box_positioned,"{'position': {'x': 11, 'y': 8}, 'screen_position': {'x': 74, 'y': 51}, 'board_type': 'advanced', 'session_id': '6c77a175-b038-4777-8ac4-52eb443031ec', 'user_id': 'P3'}"
2000-01-01 06:41:46,instance-609046ce-c5d2-4ea6-96e6-33e893861034-resizable,layoutboard.node.resizable.resized,"{'nodeId': 'instance-609046ce-c5d2-4ea6-96e6-33e893861034-resizable', 'prevSize': {'width': 50, 'height': 50}, 'newSize': {'width': 485, 'height': 477}, 'delta': {'width': 435, 'height': 427}, 'linkedSizeNodeIds': [], 'session_id': '6c77a175-b038-4777-8ac4-52eb443031ec', 'user_id': 'P3'}"
2000-01-01 06:42:18,instance-a2ba25a1-015c-43f3-9223-a565c3cb83d2,instance.updated,"{'instance_id': 'instance-a2ba25a1-015c-43f3-9223-a565c3cb83d2', 'instance_label': 'balloon', 'text_changed': True, 'graph_changed': False, 'session_id': '6c77a175-b038-4777-8ac4-52eb443031ec', 'user_id': 'P3'}"
2000-01-01 06:42:48,,api.generate_image.succeeded,"{'global_caption': 'a scene featuring a cute little child rabbit crying while walking on two feet in a fairy tale illustration, connected to a blue jacket and looking up at a red balloon disappearing into the sky, with the composition of looking down at balloons and rabbits from the sky.', 'region_count': 3, 'has_image': True, 'detected_objects_count': 8, 'image_path': 'output/P3/2025-08-23_06-42-48/image.png', 'image_with_layout_path': 'output/P3/2025-08-23_06-42-48/image_with_layout.png', 'timestamp_dir': 'output/P3/2025-08-23_06-42-48', 'session_id': '6c77a175-b038-4777-8ac4-52eb443031ec', 'user_id': 'P3'}"
2000-01-01 06:43:57,instance-609046ce-c5d2-4ea6-96e6-33e893861034,instance.updated,"{'instance_id': 'instance-609046ce-c5d2-4ea6-96e6-33e893861034', 'instance_label': 'composition', 'text_changed': True, 'graph_changed': False, 'session_id': '6c77a175-b038-4777-8ac4-52eb443031ec', 'user_id': 'P3'}"
2000-01-01 06:44:02,instance-609046ce-c5d2-4ea6-96e6-33e893861034,instance.deleted,"{'instance_id': 'instance-609046ce-c5d2-4ea6-96e6-33e893861034', 'instance_label': 'composition', 'is_from_class': False, 'class_id': None, 'session_id': '6c77a175-b038-4777-8ac4-52eb443031ec', 'user_id': 'P3'}"
2000-01-01 06:45:00,instance-258e1650-a691-4328-9fb0-3bcf7775d2b6,instance.updated,"{'instance_id': 'instance-258e1650-a691-4328-9fb0-3bcf7775d2b6', 'instance_label': 'rabbit', 'text_changed': False, 'graph_changed': True, 'session_id': '6c77a175-b038-4777-8ac4-52eb443031ec', 'user_id': 'P3'}"
2000-01-01 06:45:10,instance-258e1650-a691-4328-9fb0-3bcf7775d2b6,instance.updated,"{'instance_id': 'instance-258e1650-a691-4328-9fb0-3bcf7775d2b6', 'instance_label': 'rabbit', 'text_changed': True, 'graph_changed': False, 'session_id': '6c77a175-b038-4777-8ac4-52eb443031ec', 'user_id': 'P3'}"
2000-01-01 06:45:32,,api.generate_image.succeeded,"{'global_caption': 'a scene featuring a rabbit crying while walking on two feet in a fairy tale illustration, connected to a blue jacket and looking up at a red balloon disappearing into the sky, with the composition of looking down at balloons and rabbits from the sky.', 'region_count': 2, 'has_image': True, 'detected_objects_count': 4, 'image_path': 'output/P3/2025-08-23_06-45-32/image.png', 'image_with_layout_path': 'output/P3/2025-08-23_06-45-32/image_with_layout.png', 'timestamp_dir': 'output/P3/2025-08-23_06-45-32', 'session_id': '6c77a175-b038-4777-8ac4-52eb443031ec', 'user_id': 'P3'}"
2000-01-01 06:45:50,instance-258e1650-a691-4328-9fb0-3bcf7775d2b6,instance.updated,"{'instance_id': 'instance-258e1650-a691-4328-9fb0-3bcf7775d2b6', 'instance_label': 'rabbit', 'text_changed': True, 'graph_changed': False, 'session_id': '6c77a175-b038-4777-8ac4-52eb443031ec', 'user_id': 'P3'}"
2000-01-01 06:45:50,instance-258e1650-a691-4328-9fb0-3bcf7775d2b6,layout.node.moved,"{'nodeId': 'instance-258e1650-a691-4328-9fb0-3bcf7775d2b6', 'newPos': {'x': 267, 'y': 325}, 'session_id': '6c77a175-b038-4777-8ac4-52eb443031ec', 'user_id': 'P3'}"
2000-01-01 06:45:53,instance-a2ba25a1-015c-43f3-9223-a565c3cb83d2,layout.node.moved,"{'nodeId': 'instance-a2ba25a1-015c-43f3-9223-a565c3cb83d2', 'newPos': {'x': 205, 'y': 19}, 'session_id': '6c77a175-b038-4777-8ac4-52eb443031ec', 'user_id': 'P3'}"
2000-01-01 06:45:57,,layout_board.new_box_positioned,"{'position': {'x': 24, 'y': 374}, 'screen_position': {'x': 87, 'y': 417}, 'board_type': 'advanced', 'session_id': '6c77a175-b038-4777-8ac4-52eb443031ec', 'user_id': 'P3'}"
2000-01-01 06:46:03,instance-2cdbe66b-fbc1-4642-8c96-8f987bc04ceb-resizable,layoutboard.node.resizable.resized,"{'nodeId': 'instance-2cdbe66b-fbc1-4642-8c96-8f987bc04ceb-resizable', 'prevSize': {'width': 50, 'height': 50}, 'newSize': {'width': 462, 'height': 110}, 'delta': {'width': 412, 'height': 60}, 'linkedSizeNodeIds': [], 'session_id': '6c77a175-b038-4777-8ac4-52eb443031ec', 'user_id': 'P3'}"
2000-01-01 06:46:06,instance-2cdbe66b-fbc1-4642-8c96-8f987bc04ceb-resizable,layoutboard.node.resizable.resized,"{'nodeId': 'instance-2cdbe66b-fbc1-4642-8c96-8f987bc04ceb-resizable', 'prevSize': {'width': 50, 'height': 50}, 'newSize': {'width': 459, 'height': 77}, 'delta': {'width': 409, 'height': 27}, 'linkedSizeNodeIds': [], 'session_id': '6c77a175-b038-4777-8ac4-52eb443031ec', 'user_id': 'P3'}"
2000-01-01 06:46:08,instance-2cdbe66b-fbc1-4642-8c96-8f987bc04ceb-resizable,layoutboard.node.resizable.resized,"{'nodeId': 'instance-2cdbe66b-fbc1-4642-8c96-8f987bc04ceb-resizable', 'prevSize': {'width': 50, 'height': 50}, 'newSize': {'width': 468, 'height': 76}, 'delta': {'width': 418, 'height': 26}, 'linkedSizeNodeIds': [], 'session_id': '6c77a175-b038-4777-8ac4-52eb443031ec', 'user_id': 'P3'}"
2000-01-01 06:46:59,,relationship_node.edited,"{'relationship_id': 'instance-258e1650-a691-4328-9fb0-3bcf7775d2b6-instance-a2ba25a1-015c-43f3-9223-a565c3cb83d2', 'source_object_id': 'instance-258e1650-a691-4328-9fb0-3bcf7775d2b6', 'target_object_id': 'instance-a2ba25a1-015c-43f3-9223-a565c3cb83d2', 'old_relation': 'looking up', 'new_relation': 'looking up missed', 'source_object_name': 'rabbit', 'target_object_name': 'balloon', 'session_id': '6c77a175-b038-4777-8ac4-52eb443031ec', 'user_id': 'P3'}"
2000-01-01 06:47:26,,api.generate_image.succeeded,"{'global_caption': 'a scene featuring a rabbit crying while walking on two feet in a fairy tale illustration, connected to a blue jacket and looking up at a red balloon disappearing into the sky, with the ground below.', 'region_count': 3, 'has_image': True, 'detected_objects_count': 0, 'image_path': 'output/P3/2025-08-23_06-47-25/image.png', 'image_with_layout_path': 'output/P3/2025-08-23_06-47-25/image_with_layout.png', 'timestamp_dir': 'output/P3/2025-08-23_06-47-25', 'session_id': '6c77a175-b038-4777-8ac4-52eb443031ec', 'user_id': 'P3'}"
2000-01-01 06:48:18,instance-a2ba25a1-015c-43f3-9223-a565c3cb83d2,instance.updated,"{'instance_id': 'instance-a2ba25a1-015c-43f3-9223-a565c3cb83d2', 'instance_label': 'balloon', 'text_changed': True, 'graph_changed': False, 'session_id': '6c77a175-b038-4777-8ac4-52eb443031ec', 'user_id': 'P3'}"
2000-01-01 06:48:44,,api.generate_image.succeeded,"{'global_caption': 'a scene featuring a rabbit crying while walking on two feet in a fairy tale illustration, connected to a blue jacket and looking up at a red balloon disappearing into the sky, with the ground below.', 'region_count': 3, 'has_image': True, 'detected_objects_count': 1, 'image_path': 'output/P3/2025-08-23_06-48-43/image.png', 'image_with_layout_path': 'output/P3/2025-08-23_06-48-43/image_with_layout.png', 'timestamp_dir': 'output/P3/2025-08-23_06-48-43', 'session_id': '6c77a175-b038-4777-8ac4-52eb443031ec', 'user_id': 'P3'}"
2000-01-01 06:49:01,,scene_saved,"{'slotNumber': 3, 'instanceCount': 3, 'nodeCount': 6, 'edgeCount': 1, 'session_id': '6c77a175-b038-4777-8ac4-52eb443031ec', 'user_id': 'P3'}"
2000-01-01 06:49:16,instance-258e1650-a691-4328-9fb0-3bcf7775d2b6,layout.node.moved,"{'nodeId': 'instance-258e1650-a691-4328-9fb0-3bcf7775d2b6', 'newPos': {'x': 248, 'y': 255}, 'session_id': '6c77a175-b038-4777-8ac4-52eb443031ec', 'user_id': 'P3'}"
2000-01-01 06:49:17,instance-2cdbe66b-fbc1-4642-8c96-8f987bc04ceb-resizable,layoutboard.node.resizable.resized,"{'nodeId': 'instance-2cdbe66b-fbc1-4642-8c96-8f987bc04ceb-resizable', 'prevSize': {'width': 50, 'height': 50}, 'newSize': {'width': 468, 'height': 76}, 'delta': {'width': 418, 'height': 26}, 'linkedSizeNodeIds': [], 'session_id': '6c77a175-b038-4777-8ac4-52eb443031ec', 'user_id': 'P3'}"
2000-01-01 06:49:25,instance-a2ba25a1-015c-43f3-9223-a565c3cb83d2,instance.deleted,"{'instance_id': 'instance-a2ba25a1-015c-43f3-9223-a565c3cb83d2', 'instance_label': 'balloon', 'is_from_class': False, 'class_id': None, 'session_id': '6c77a175-b038-4777-8ac4-52eb443031ec', 'user_id': 'P3'}"
2000-01-01 06:49:59,instance-258e1650-a691-4328-9fb0-3bcf7775d2b6,instance.updated,"{'instance_id': 'instance-258e1650-a691-4328-9fb0-3bcf7775d2b6', 'instance_label': 'rabbit', 'text_changed': False, 'graph_changed': True, 'session_id': '6c77a175-b038-4777-8ac4-52eb443031ec', 'user_id': 'P3'}"
2000-01-01 06:50:53,class-412add9c-ec9b-4f19-8022-0757952f86ba,class_deleted,"{'class_id': 'class-412add9c-ec9b-4f19-8022-0757952f86ba', 'class_name': 'rabbit Class', 'instance_count': 1, 'session_id': '6c77a175-b038-4777-8ac4-52eb443031ec', 'user_id': 'P3'}"
2000-01-01 06:50:53,class-412add9c-ec9b-4f19-8022-0757952f86ba,class.deleted,"{'class_id': 'class-412add9c-ec9b-4f19-8022-0757952f86ba', 'class_name': 'rabbit Class', 'affected_instances_count': 1, 'placeholder_count': 4, 'session_id': '6c77a175-b038-4777-8ac4-52eb443031ec', 'user_id': 'P3'}"
2000-01-01 06:50:57,class-48ecf44d-906c-4baf-9e2d-e77a381c9537,class.created,"{'class_id': 'class-48ecf44d-906c-4baf-9e2d-e77a381c9537', 'class_name': 'rabbit Class', 'placeholder_count': 4, 'created_from': 'rabbit', 'session_id': '6c77a175-b038-4777-8ac4-52eb443031ec', 'user_id': 'P3'}"
2000-01-01 06:51:48,instance-258e1650-a691-4328-9fb0-3bcf7775d2b6,instance.updated,"{'instance_id': 'instance-258e1650-a691-4328-9fb0-3bcf7775d2b6', 'instance_label': 'rabbit', 'text_changed': False, 'graph_changed': True, 'session_id': '6c77a175-b038-4777-8ac4-52eb443031ec', 'user_id': 'P3'}"
2000-01-01 06:51:52,class-48ecf44d-906c-4baf-9e2d-e77a381c9537,class_deleted,"{'class_id': 'class-48ecf44d-906c-4baf-9e2d-e77a381c9537', 'class_name': 'rabbit Class', 'instance_count': 1, 'session_id': '6c77a175-b038-4777-8ac4-52eb443031ec', 'user_id': 'P3'}"
2000-01-01 06:51:52,class-48ecf44d-906c-4baf-9e2d-e77a381c9537,class.deleted,"{'class_id': 'class-48ecf44d-906c-4baf-9e2d-e77a381c9537', 'class_name': 'rabbit Class', 'affected_instances_count': 1, 'placeholder_count': 4, 'session_id': '6c77a175-b038-4777-8ac4-52eb443031ec', 'user_id': 'P3'}"
2000-01-01 06:51:56,class-cb23a6c3-4b8e-42a1-add2-695165f93bc0,class.created,"{'class_id': 'class-cb23a6c3-4b8e-42a1-add2-695165f93bc0', 'class_name': 'rabbit Class', 'placeholder_count': 4, 'created_from': 'rabbit', 'session_id': '6c77a175-b038-4777-8ac4-52eb443031ec', 'user_id': 'P3'}"
2000-01-01 06:52:22,instance-8eb4b1c9-95b9-4b1a-b163-8e844f2fdc82,instance.created_from_class,"{'instance_id': 'instance-8eb4b1c9-95b9-4b1a-b163-8e844f2fdc82', 'class_id': 'class-cb23a6c3-4b8e-42a1-add2-695165f93bc0', 'instance_label': 'Rabbit', 'has_text_description': True, 'session_id': '6c77a175-b038-4777-8ac4-52eb443031ec', 'user_id': 'P3'}"
2000-01-01 06:52:33,instance-8eb4b1c9-95b9-4b1a-b163-8e844f2fdc82,layout.node.moved,"{'nodeId': 'instance-8eb4b1c9-95b9-4b1a-b163-8e844f2fdc82', 'newPos': {'x': 148, 'y': 309}, 'session_id': '6c77a175-b038-4777-8ac4-52eb443031ec', 'user_id': 'P3'}"
2000-01-01 06:52:34,instance-8eb4b1c9-95b9-4b1a-b163-8e844f2fdc82-resizable,layoutboard.node.resizable.resized,"{'nodeId': 'instance-8eb4b1c9-95b9-4b1a-b163-8e844f2fdc82-resizable', 'prevSize': {'width': 50, 'height': 50}, 'newSize': {'width': 74, 'height': 99}, 'delta': {'width': 24, 'height': 49}, 'linkedSizeNodeIds': [], 'session_id': '6c77a175-b038-4777-8ac4-52eb443031ec', 'user_id': 'P3'}"
2000-01-01 06:52:35,instance-8eb4b1c9-95b9-4b1a-b163-8e844f2fdc82,layout.node.moved,"{'nodeId': 'instance-8eb4b1c9-95b9-4b1a-b163-8e844f2fdc82', 'newPos': {'x': 103, 'y': 287}, 'session_id': '6c77a175-b038-4777-8ac4-52eb443031ec', 'user_id': 'P3'}"
2000-01-01 06:52:37,instance-258e1650-a691-4328-9fb0-3bcf7775d2b6,layout.node.moved,"{'nodeId': 'instance-258e1650-a691-4328-9fb0-3bcf7775d2b6', 'newPos': {'x': 217, 'y': 254}, 'session_id': '6c77a175-b038-4777-8ac4-52eb443031ec', 'user_id': 'P3'}"
2000-01-01 06:53:04,instance-06bb46eb-adba-4dc5-9dca-e5a7ec91c01a,instance.created_from_class,"{'instance_id': 'instance-06bb46eb-adba-4dc5-9dca-e5a7ec91c01a', 'class_id': 'class-cb23a6c3-4b8e-42a1-add2-695165f93bc0', 'instance_label': 'Rabbit', 'has_text_description': True, 'session_id': '6c77a175-b038-4777-8ac4-52eb443031ec', 'user_id': 'P3'}"
2000-01-01 06:53:11,instance-06bb46eb-adba-4dc5-9dca-e5a7ec91c01a,layout.node.moved,"{'nodeId': 'instance-06bb46eb-adba-4dc5-9dca-e5a7ec91c01a', 'newPos': {'x': 335, 'y': 329}, 'session_id': '6c77a175-b038-4777-8ac4-52eb443031ec', 'user_id': 'P3'}"
2000-01-01 06:53:13,instance-258e1650-a691-4328-9fb0-3bcf7775d2b6,layout.node.moved,"{'nodeId': 'instance-258e1650-a691-4328-9fb0-3bcf7775d2b6', 'newPos': {'x': 212, 'y': 235}, 'session_id': '6c77a175-b038-4777-8ac4-52eb443031ec', 'user_id': 'P3'}"
2000-01-01 06:53:14,instance-258e1650-a691-4328-9fb0-3bcf7775d2b6-resizable,layoutboard.node.resizable.resized,"{'nodeId': 'instance-258e1650-a691-4328-9fb0-3bcf7775d2b6-resizable', 'prevSize': {'width': 50, 'height': 50}, 'newSize': {'width': 102, 'height': 155}, 'delta': {'width': 52, 'height': 105}, 'linkedSizeNodeIds': [], 'session_id': '6c77a175-b038-4777-8ac4-52eb443031ec', 'user_id': 'P3'}"
2000-01-01 06:53:16,instance-258e1650-a691-4328-9fb0-3bcf7775d2b6,layout.node.moved,"{'nodeId': 'instance-258e1650-a691-4328-9fb0-3bcf7775d2b6', 'newPos': {'x': 214, 'y': 237}, 'session_id': '6c77a175-b038-4777-8ac4-52eb443031ec', 'user_id': 'P3'}"
2000-01-01 06:53:18,instance-8eb4b1c9-95b9-4b1a-b163-8e844f2fdc82,layout.node.moved,"{'nodeId': 'instance-8eb4b1c9-95b9-4b1a-b163-8e844f2fdc82', 'newPos': {'x': 94, 'y': 285}, 'session_id': '6c77a175-b038-4777-8ac4-52eb443031ec', 'user_id': 'P3'}"
2000-01-01 06:53:19,,relationship_node.created,"{'relationship_id': 'instance-258e1650-a691-4328-9fb0-3bcf7775d2b6->instance-258e1650-a691-4328-9fb0-3bcf7775d2b6:console', 'sourceId': 'instance-258e1650-a691-4328-9fb0-3bcf7775d2b6', 'targetId': 'instance-258e1650-a691-4328-9fb0-3bcf7775d2b6', 'relation': 'console', 'video_time': '57:21'}"
2000-01-01 06:53:33,,relationship_node.created,"{'relationship_id': 'instance-258e1650-a691-4328-9fb0-3bcf7775d2b6->instance-258e1650-a691-4328-9fb0-3bcf7775d2b6:console', 'sourceId': 'instance-258e1650-a691-4328-9fb0-3bcf7775d2b6', 'targetId': 'instance-258e1650-a691-4328-9fb0-3bcf7775d2b6', 'relation': 'console', 'video_time': '57:35'}"
2000-01-01 06:53:34,instance-06bb46eb-adba-4dc5-9dca-e5a7ec91c01a,layout.node.moved,"{'nodeId': 'instance-06bb46eb-adba-4dc5-9dca-e5a7ec91c01a', 'newPos': {'x': 350, 'y': 330}, 'session_id': '6c77a175-b038-4777-8ac4-52eb443031ec', 'user_id': 'P3'}"
2000-01-01 06:53:45,instance-2cdbe66b-fbc1-4642-8c96-8f987bc04ceb,instance.deleted,"{'instance_id': 'instance-2cdbe66b-fbc1-4642-8c96-8f987bc04ceb', 'instance_label': 'ground', 'is_from_class': False, 'class_id': None, 'session_id': '6c77a175-b038-4777-8ac4-52eb443031ec', 'user_id': 'P3'}"
2000-01-01 06:54:04,,api.generate_image.succeeded,"{'global_caption': 'a scene featuring a rabbit crying and slumping while walking with two feet in a fairy tale illustration, wearing a blue jacket, ground, a crying rabbit wearing red pants walking with two feet in a fairy tale illustration, while one rabbit consoles another rabbit, and a crying rabbit, wearing a green dress, walking with two feet in a fairy tale illustration, while one rabbit consoles another rabbit', 'region_count': 4, 'has_image': True, 'detected_objects_count': 1, 'image_path': 'output/P3/2025-08-23_06-54-03/image.png', 'image_with_layout_path': 'output/P3/2025-08-23_06-54-03/image_with_layout.png', 'timestamp_dir': 'output/P3/2025-08-23_06-54-03', 'session_id': '6c77a175-b038-4777-8ac4-52eb443031ec', 'user_id': 'P3'}"
2000-01-01 06:54:48,,api.generate_image.succeeded,"{'global_caption': 'a scene featuring a rabbit crying and slumping while walking on two feet in a fairy tale illustration, wearing a blue jacket, a crying rabbit wearing red pants walking on two feet in a fairy tale illustration, while one rabbit consoles another rabbit, and a crying rabbit wearing a green dress walking on two feet in a fairy tale illustration, while one rabbit consoles another rabbit', 'region_count': 3, 'has_image': True, 'detected_objects_count': 1, 'image_path': 'output/P3/2025-08-23_06-54-47/image.png', 'image_with_layout_path': 'output/P3/2025-08-23_06-54-47/image_with_layout.png', 'timestamp_dir': 'output/P3/2025-08-23_06-54-47', 'session_id': '6c77a175-b038-4777-8ac4-52eb443031ec', 'user_id': 'P3'}"
2000-01-01 06:54:58,instance-06bb46eb-adba-4dc5-9dca-e5a7ec91c01a,layout.node.moved,"{'nodeId': 'instance-06bb46eb-adba-4dc5-9dca-e5a7ec91c01a', 'newPos': {'x': 363, 'y': 287}, 'session_id': '6c77a175-b038-4777-8ac4-52eb443031ec', 'user_id': 'P3'}"
2000-01-01 06:55:00,instance-06bb46eb-adba-4dc5-9dca-e5a7ec91c01a-resizable,layoutboard.node.resizable.resized,"{'nodeId': 'instance-06bb46eb-adba-4dc5-9dca-e5a7ec91c01a-resizable', 'prevSize': {'width': 50, 'height': 50}, 'newSize': {'width': 47, 'height': 50}, 'delta': {'width': -3, 'height': 0}, 'linkedSizeNodeIds': [], 'session_id': '6c77a175-b038-4777-8ac4-52eb443031ec', 'user_id': 'P3'}"
2000-01-01 06:55:03,instance-06bb46eb-adba-4dc5-9dca-e5a7ec91c01a,layout.node.moved,"{'nodeId': 'instance-06bb46eb-adba-4dc5-9dca-e5a7ec91c01a', 'newPos': {'x': 372, 'y': 324}, 'session_id': '6c77a175-b038-4777-8ac4-52eb443031ec', 'user_id': 'P3'}"
2000-01-01 06:55:05,instance-06bb46eb-adba-4dc5-9dca-e5a7ec91c01a-resizable,layoutboard.node.resizable.resized,"{'nodeId': 'instance-06bb46eb-adba-4dc5-9dca-e5a7ec91c01a-resizable', 'prevSize': {'width': 50, 'height': 50}, 'newSize': {'width': 61, 'height': 88}, 'delta': {'width': 11, 'height': 38}, 'linkedSizeNodeIds': [], 'session_id': '6c77a175-b038-4777-8ac4-52eb443031ec', 'user_id': 'P3'}"
2000-01-01 06:55:07,,relationship_node.deleted,"{'relationship_id': 'instance-06bb46eb-adba-4dc5-9dca-e5a7ec91c01a-instance-258e1650-a691-4328-9fb0-3bcf7775d2b6', 'source_object_id': 'instance-06bb46eb-adba-4dc5-9dca-e5a7ec91c01a', 'target_object_id': 'instance-258e1650-a691-4328-9fb0-3bcf7775d2b6', 'relation': 'console', 'source_object_name': 'Rabbit', 'target_object_name': 'rabbit', 'session_id': '6c77a175-b038-4777-8ac4-52eb443031ec', 'user_id': 'P3'}"
2000-01-01 06:55:13,instance-258e1650-a691-4328-9fb0-3bcf7775d2b6,layout.node.moved,"{'nodeId': 'instance-258e1650-a691-4328-9fb0-3bcf7775d2b6', 'newPos': {'x': 292, 'y': 183}, 'session_id': '6c77a175-b038-4777-8ac4-52eb443031ec', 'user_id': 'P3'}"
2000-01-01 06:55:14,,relationship_node.deleted,"{'relationship_id': 'instance-8eb4b1c9-95b9-4b1a-b163-8e844f2fdc82-instance-258e1650-a691-4328-9fb0-3bcf7775d2b6', 'source_object_id': 'instance-8eb4b1c9-95b9-4b1a-b163-8e844f2fdc82', 'target_object_id': 'instance-258e1650-a691-4328-9fb0-3bcf7775d2b6', 'relation': 'console', 'source_object_name': 'Rabbit', 'target_object_name': 'rabbit', 'session_id': '6c77a175-b038-4777-8ac4-52eb443031ec', 'user_id': 'P3'}"
2000-01-01 06:55:16,instance-258e1650-a691-4328-9fb0-3bcf7775d2b6,layout.node.moved,"{'nodeId': 'instance-258e1650-a691-4328-9fb0-3bcf7775d2b6', 'newPos': {'x': 225, 'y': 211}, 'session_id': '6c77a175-b038-4777-8ac4-52eb443031ec', 'user_id': 'P3'}"
2000-01-01 06:55:42,instance-8eb4b1c9-95b9-4b1a-b163-8e844f2fdc82,layout.node.moved,"{'nodeId': 'instance-8eb4b1c9-95b9-4b1a-b163-8e844f2fdc82', 'newPos': {'x': 90, 'y': 283}, 'session_id': '6c77a175-b038-4777-8ac4-52eb443031ec', 'user_id': 'P3'}"
2000-01-01 06:55:45,,api.generate_image.succeeded,"{'global_caption': 'a scene featuring a rabbit crying and slumping while walking on two feet in a fairy tale illustration, wearing a blue jacket, a crying rabbit wearing red pants walking on two feet in a fairy tale illustration, and a crying rabbit wearing a green dress walking on two feet in a fairy tale illustration, while one rabbit consoles another rabbit', 'region_count': 3, 'has_image': True, 'detected_objects_count': 0, 'image_path': 'output/P3/2025-08-23_06-55-44/image.png', 'image_with_layout_path': 'output/P3/2025-08-23_06-55-44/image_with_layout.png', 'timestamp_dir': 'output/P3/2025-08-23_06-55-44', 'session_id': '6c77a175-b038-4777-8ac4-52eb443031ec', 'user_id': 'P3'}"
2000-01-01 06:55:54,,layout_board.new_box_positioned,"{'position': {'x': 17, 'y': 12}, 'screen_position': {'x': 80, 'y': 55}, 'board_type': 'advanced', 'session_id': '6c77a175-b038-4777-8ac4-52eb443031ec', 'user_id': 'P3'}"
2000-01-01 06:56:00,instance-0c984c45-3d2b-4651-b46c-1c14e452060b-resizable,layoutboard.node.resizable.resized,"{'nodeId': 'instance-0c984c45-3d2b-4651-b46c-1c14e452060b-resizable', 'prevSize': {'width': 50, 'height': 50}, 'newSize': {'width': 481, 'height': 462}, 'delta': {'width': 431, 'height': 412}, 'linkedSizeNodeIds': [], 'session_id': '6c77a175-b038-4777-8ac4-52eb443031ec', 'user_id': 'P3'}"
2000-01-01 06:56:38,,api.generate_image.succeeded,"{'global_caption': 'a scene featuring a rabbit crying and slumping while walking on two feet in a fairy tale illustration, wearing a blue jacket, a crying rabbit wearing red pants walking on two feet in a fairy tale illustration, a crying rabbit wearing a green dress walking on two feet in a fairy tale illustration, and a forest, while one rabbit consoles another rabbit', 'region_count': 4, 'has_image': True, 'detected_objects_count': 0, 'image_path': 'output/P3/2025-08-23_06-56-38/image.png', 'image_with_layout_path': 'output/P3/2025-08-23_06-56-38/image_with_layout.png', 'timestamp_dir': 'output/P3/2025-08-23_06-56-38', 'session_id': '6c77a175-b038-4777-8ac4-52eb443031ec', 'user_id': 'P3'}"
2000-01-01 06:57:12,instance-0c984c45-3d2b-4651-b46c-1c14e452060b-resizable,layout.node.moved,"{'nodeId': 'instance-0c984c45-3d2b-4651-b46c-1c14e452060b-resizable', 'newPos': {'x': 0, 'y': 14}, 'session_id': '6c77a175-b038-4777-8ac4-52eb443031ec', 'user_id': 'P3'}"
2000-01-01 06:57:14,instance-0c984c45-3d2b-4651-b46c-1c14e452060b-resizable,layout.node.moved,"{'nodeId': 'instance-0c984c45-3d2b-4651-b46c-1c14e452060b-resizable', 'newPos': {'x': 0, 'y': 30}, 'session_id': '6c77a175-b038-4777-8ac4-52eb443031ec', 'user_id': 'P3'}"
2000-01-01 06:57:15,instance-0c984c45-3d2b-4651-b46c-1c14e452060b-resizable,layout.node.moved,"{'nodeId': 'instance-0c984c45-3d2b-4651-b46c-1c14e452060b-resizable', 'newPos': {'x': 9, 'y': 12}, 'session_id': '6c77a175-b038-4777-8ac4-52eb443031ec', 'user_id': 'P3'}"
2000-01-01 06:57:18,instance-0c984c45-3d2b-4651-b46c-1c14e452060b-resizable,layoutboard.node.resizable.resized,"{'nodeId': 'instance-0c984c45-3d2b-4651-b46c-1c14e452060b-resizable', 'prevSize': {'width': 50, 'height': 50}, 'newSize': {'width': 443, 'height': 130}, 'delta': {'width': 393, 'height': 80}, 'linkedSizeNodeIds': [], 'session_id': '6c77a175-b038-4777-8ac4-52eb443031ec', 'user_id': 'P3'}"
2000-01-01 06:57:19,instance-8eb4b1c9-95b9-4b1a-b163-8e844f2fdc82,layout.node.moved,"{'nodeId': 'instance-8eb4b1c9-95b9-4b1a-b163-8e844f2fdc82', 'newPos': {'x': 140, 'y': 263}, 'session_id': '6c77a175-b038-4777-8ac4-52eb443031ec', 'user_id': 'P3'}"
2000-01-01 06:57:21,instance-06bb46eb-adba-4dc5-9dca-e5a7ec91c01a,layout.node.moved,"{'nodeId': 'instance-06bb46eb-adba-4dc5-9dca-e5a7ec91c01a', 'newPos': {'x': 315, 'y': 261}, 'session_id': '6c77a175-b038-4777-8ac4-52eb443031ec', 'user_id': 'P3'}"
2000-01-01 06:57:27,instance-0c984c45-3d2b-4651-b46c-1c14e452060b-resizable,layoutboard.node.resizable.resized,"{'nodeId': 'instance-0c984c45-3d2b-4651-b46c-1c14e452060b-resizable', 'prevSize': {'width': 50, 'height': 50}, 'newSize': {'width': 474, 'height': 454}, 'delta': {'width': 424, 'height': 404}, 'linkedSizeNodeIds': [], 'session_id': '6c77a175-b038-4777-8ac4-52eb443031ec', 'user_id': 'P3'}"
2000-01-01 06:57:35,,api.generate_image.succeeded,"{'global_caption': 'a scene featuring a crying rabbit slumping and walking on two feet in a fairy tale illustration, wearing a blue jacket, a crying rabbit walking on two feet in a fairy tale illustration, wearing red pants, a crying rabbit walking on two feet in a fairy tale illustration, wearing a green dress, and a forest, while one rabbit consoles another rabbit', 'region_count': 4, 'has_image': True, 'detected_objects_count': 0, 'image_path': 'output/P3/2025-08-23_06-57-34/image.png', 'image_with_layout_path': 'output/P3/2025-08-23_06-57-34/image_with_layout.png', 'timestamp_dir': 'output/P3/2025-08-23_06-57-34', 'session_id': '6c77a175-b038-4777-8ac4-52eb443031ec', 'user_id': 'P3'}"
2000-01-01 06:58:07,,scene_saved,"{'slotNumber': 4, 'instanceCount': 4, 'nodeCount': 8, 'edgeCount': 0, 'session_id': '6c77a175-b038-4777-8ac4-52eb443031ec', 'user_id': 'P3'}"
2000-01-01 07:00:09,,layout_board.new_box_positioned,"{'position': {'x': 334, 'y': 87}, 'screen_position': {'x': 397, 'y': 110}, 'board_type': 'advanced', 'session_id': '6c77a175-b038-4777-8ac4-52eb443031ec', 'user_id': 'P3'}"
2000-01-01 07:00:48,instance-795b2501-131b-47ab-9c96-d36a65e67ca2,instance.updated,"{'instance_id': 'instance-795b2501-131b-47ab-9c96-d36a65e67ca2', 'instance_label': 'balloon', 'text_changed': True, 'graph_changed': False, 'session_id': '6c77a175-b038-4777-8ac4-52eb443031ec', 'user_id': 'P3'}"
2000-01-01 07:00:56,instance-0c984c45-3d2b-4651-b46c-1c14e452060b-resizable,layout.node.moved,"{'nodeId': 'instance-0c984c45-3d2b-4651-b46c-1c14e452060b-resizable', 'newPos': {'x': 23, 'y': 58}, 'session_id': '6c77a175-b038-4777-8ac4-52eb443031ec', 'user_id': 'P3'}"
2000-01-01 07:00:58,instance-0c984c45-3d2b-4651-b46c-1c14e452060b-resizable,layout.node.moved,"{'nodeId': 'instance-0c984c45-3d2b-4651-b46c-1c14e452060b-resizable', 'newPos': {'x': 38, 'y': 58}, 'session_id': '6c77a175-b038-4777-8ac4-52eb443031ec', 'user_id': 'P3'}"
2000-01-01 07:01:00,instance-0c984c45-3d2b-4651-b46c-1c14e452060b-resizable,layout.node.moved,"{'nodeId': 'instance-0c984c45-3d2b-4651-b46c-1c14e452060b-resizable', 'newPos': {'x': 38, 'y': 58}, 'session_id': '6c77a175-b038-4777-8ac4-52eb443031ec', 'user_id': 'P3'}"
2000-01-01 07:01:03,instance-0c984c45-3d2b-4651-b46c-1c14e452060b-resizable,layout.node.moved,"{'nodeId': 'instance-0c984c45-3d2b-4651-b46c-1c14e452060b-resizable', 'newPos': {'x': 19, 'y': 17}, 'session_id': '6c77a175-b038-4777-8ac4-52eb443031ec', 'user_id': 'P3'}"
2000-01-01 07:01:05,instance-0c984c45-3d2b-4651-b46c-1c14e452060b-resizable,layoutboard.node.resizable.resized,"{'nodeId': 'instance-0c984c45-3d2b-4651-b46c-1c14e452060b-resizable', 'prevSize': {'width': 50, 'height': 50}, 'newSize': {'width': 474, 'height': 127}, 'delta': {'width': 424, 'height': 77}, 'linkedSizeNodeIds': [], 'session_id': '6c77a175-b038-4777-8ac4-52eb443031ec', 'user_id': 'P3'}"
2000-01-01 07:01:06,instance-8eb4b1c9-95b9-4b1a-b163-8e844f2fdc82,layout.node.moved,"{'nodeId': 'instance-8eb4b1c9-95b9-4b1a-b163-8e844f2fdc82', 'newPos': {'x': 113, 'y': 269}, 'session_id': '6c77a175-b038-4777-8ac4-52eb443031ec', 'user_id': 'P3'}"
2000-01-01 07:01:11,instance-8eb4b1c9-95b9-4b1a-b163-8e844f2fdc82,instance.deleted,"{'instance_id': 'instance-8eb4b1c9-95b9-4b1a-b163-8e844f2fdc82', 'instance_label': 'Rabbit', 'is_from_class': True, 'class_id': 'class-cb23a6c3-4b8e-42a1-add2-695165f93bc0', 'session_id': '6c77a175-b038-4777-8ac4-52eb443031ec', 'user_id': 'P3'}"
2000-01-01 07:01:13,instance-258e1650-a691-4328-9fb0-3bcf7775d2b6,layout.node.moved,"{'nodeId': 'instance-258e1650-a691-4328-9fb0-3bcf7775d2b6', 'newPos': {'x': 142, 'y': 219}, 'session_id': '6c77a175-b038-4777-8ac4-52eb443031ec', 'user_id': 'P3'}"
2000-01-01 07:01:15,instance-06bb46eb-adba-4dc5-9dca-e5a7ec91c01a,layout.node.moved,"{'nodeId': 'instance-06bb46eb-adba-4dc5-9dca-e5a7ec91c01a', 'newPos': {'x': 292, 'y': 269}, 'session_id': '6c77a175-b038-4777-8ac4-52eb443031ec', 'user_id': 'P3'}"
2000-01-01 07:01:26,instance-06bb46eb-adba-4dc5-9dca-e5a7ec91c01a,layout.node.moved,"{'nodeId': 'instance-06bb46eb-adba-4dc5-9dca-e5a7ec91c01a', 'newPos': {'x': 283, 'y': 269}, 'session_id': '6c77a175-b038-4777-8ac4-52eb443031ec', 'user_id': 'P3'}"
2000-01-01 07:01:44,,relationship_node.deleted,"{'relationship_id': 'instance-258e1650-a691-4328-9fb0-3bcf7775d2b6-instance-795b2501-131b-47ab-9c96-d36a65e67ca2', 'source_object_id': 'instance-258e1650-a691-4328-9fb0-3bcf7775d2b6', 'target_object_id': 'instance-795b2501-131b-47ab-9c96-d36a65e67ca2', 'relation': 'pointing', 'source_object_name': 'rabbit', 'target_object_name': 'balloon', 'session_id': '6c77a175-b038-4777-8ac4-52eb443031ec', 'user_id': 'P3'}"
2000-01-01 07:01:47,,relationship_node.created,"{'relationship_id': 'instance-258e1650-a691-4328-9fb0-3bcf7775d2b6->instance-a2ba25a1-015c-43f3-9223-a565c3cb83d2:poing', 'sourceId': 'instance-258e1650-a691-4328-9fb0-3bcf7775d2b6', 'targetId': 'instance-a2ba25a1-015c-43f3-9223-a565c3cb83d2', 'relation': 'poing', 'video_time': '1:05:49'}"
2000-01-01 07:01:57,instance-0c984c45-3d2b-4651-b46c-1c14e452060b-resizable,layoutboard.node.resizable.resized,"{'nodeId': 'instance-0c984c45-3d2b-4651-b46c-1c14e452060b-resizable', 'prevSize': {'width': 50, 'height': 50}, 'newSize': {'width': 478, 'height': 451}, 'delta': {'width': 428, 'height': 401}, 'linkedSizeNodeIds': [], 'session_id': '6c77a175-b038-4777-8ac4-52eb443031ec', 'user_id': 'P3'}"
2000-01-01 07:02:18,,api.generate_image.succeeded,"{'global_caption': 'a scene featuring a rabbit crying and slumping while walking on two feet in a fairy tale illustration, wearing a blue jacket, a crying rabbit wearing a green dress walking on two feet in a fairy tale illustration pointing at a balloon, a forest, and a red balloon hanging from a tree.', 'region_count': 4, 'has_image': True, 'detected_objects_count': 0, 'image_path': 'output/P3/2025-08-23_07-02-17/image.png', 'image_with_layout_path': 'output/P3/2025-08-23_07-02-17/image_with_layout.png', 'timestamp_dir': 'output/P3/2025-08-23_07-02-17', 'session_id': '6c77a175-b038-4777-8ac4-52eb443031ec', 'user_id': 'P3'}"
2000-01-01 07:02:37,instance-0c984c45-3d2b-4651-b46c-1c14e452060b-resizable,layoutboard.node.resizable.resized,"{'nodeId': 'instance-0c984c45-3d2b-4651-b46c-1c14e452060b-resizable', 'prevSize': {'width': 50, 'height': 50}, 'newSize': {'width': 478, 'height': 475}, 'delta': {'width': 428, 'height': 425}, 'linkedSizeNodeIds': [], 'session_id': '6c77a175-b038-4777-8ac4-52eb443031ec', 'user_id': 'P3'}"
2000-01-01 07:03:04,instance-0c984c45-3d2b-4651-b46c-1c14e452060b-resizable,layout.node.moved,"{'nodeId': 'instance-0c984c45-3d2b-4651-b46c-1c14e452060b-resizable', 'newPos': {'x': 21, 'y': 21}, 'session_id': '6c77a175-b038-4777-8ac4-52eb443031ec', 'user_id': 'P3'}"
2000-01-01 07:03:06,instance-0c984c45-3d2b-4651-b46c-1c14e452060b-resizable,layoutboard.node.resizable.resized,"{'nodeId': 'instance-0c984c45-3d2b-4651-b46c-1c14e452060b-resizable', 'prevSize': {'width': 50, 'height': 50}, 'newSize': {'width': 478, 'height': 264}, 'delta': {'width': 428, 'height': 214}, 'linkedSizeNodeIds': [], 'session_id': '6c77a175-b038-4777-8ac4-52eb443031ec', 'user_id': 'P3'}"
2000-01-01 07:03:15,,relationship_node.edited,"{'relationship_id': 'instance-06bb46eb-adba-4dc5-9dca-e5a7ec91c01a-instance-795b2501-131b-47ab-9c96-d36a65e67ca2', 'source_object_id': 'instance-06bb46eb-adba-4dc5-9dca-e5a7ec91c01a', 'target_object_id': 'instance-795b2501-131b-47ab-9c96-d36a65e67ca2', 'old_relation': 'pointing', 'new_relation': 'point a distant', 'source_object_name': 'Rabbit', 'target_object_name': 'balloon', 'session_id': '6c77a175-b038-4777-8ac4-52eb443031ec', 'user_id': 'P3'}"
2000-01-01 07:03:19,instance-0c984c45-3d2b-4651-b46c-1c14e452060b-resizable,layoutboard.node.resizable.resized,"{'nodeId': 'instance-0c984c45-3d2b-4651-b46c-1c14e452060b-resizable', 'prevSize': {'width': 50, 'height': 50}, 'newSize': {'width': 483, 'height': 419}, 'delta': {'width': 433, 'height': 369}, 'linkedSizeNodeIds': [], 'session_id': '6c77a175-b038-4777-8ac4-52eb443031ec', 'user_id': 'P3'}"
2000-01-01 07:03:20,instance-0c984c45-3d2b-4651-b46c-1c14e452060b-resizable,layoutboard.node.resizable.resized,"{'nodeId': 'instance-0c984c45-3d2b-4651-b46c-1c14e452060b-resizable', 'prevSize': {'width': 50, 'height': 50}, 'newSize': {'width': 490, 'height': 489}, 'delta': {'width': 440, 'height': 439}, 'linkedSizeNodeIds': [], 'session_id': '6c77a175-b038-4777-8ac4-52eb443031ec', 'user_id': 'P3'}"
2000-01-01 07:03:49,,api.generate_image.succeeded,"{'global_caption': 'a scene featuring a crying rabbit slumping while walking on two feet in a fairy tale illustration, wearing a blue jacket, a crying rabbit wearing a green dress walking on two feet in a fairy tale illustration pointing at a distant balloon, a forest, and a red balloon hanging from a tree.', 'region_count': 4, 'has_image': True, 'detected_objects_count': 1, 'image_path': 'output/P3/2025-08-23_07-03-48/image.png', 'image_with_layout_path': 'output/P3/2025-08-23_07-03-48/image_with_layout.png', 'timestamp_dir': 'output/P3/2025-08-23_07-03-48', 'session_id': '6c77a175-b038-4777-8ac4-52eb443031ec', 'user_id': 'P3'}"
2000-01-01 07:04:00,,scene_saved,"{'slotNumber': 5, 'instanceCount': 4, 'nodeCount': 8, 'edgeCount': 1, 'session_id': '6c77a175-b038-4777-8ac4-52eb443031ec', 'user_id': 'P3'}"
